Filename,Label,Codec,Source_File,Source_Directory,Track_ID
human_tracks_120s_human_track_001_clean.mp3,Human,Clean,human_track_001.mp3,human_tracks_120s,human_tracks_120s_human_track_001
human_tracks_120s_human_track_001_aac.m4a,Human,AAC,human_track_001.mp3,human_tracks_120s,human_tracks_120s_human_track_001
human_tracks_120s_human_track_001_opus.opus,Human,Opus,human_track_001.mp3,human_tracks_120s,human_tracks_120s_human_track_001
human_tracks_120s_human_track_002_clean.mp3,Human,Clean,human_track_002.mp3,human_tracks_120s,human_tracks_120s_human_track_002
human_tracks_120s_human_track_002_aac.m4a,Human,AAC,human_track_002.mp3,human_tracks_120s,human_tracks_120s_human_track_002
human_tracks_120s_human_track_002_opus.opus,Human,Opus,human_track_002.mp3,human_tracks_120s,human_tracks_120s_human_track_002
human_tracks_120s_human_track_003_clean.mp3,Human,Clean,human_track_003.mp3,human_tracks_120s,human_tracks_120s_human_track_003
human_tracks_120s_human_track_003_aac.m4a,Human,AAC,human_track_003.mp3,human_tracks_120s,human_tracks_120s_human_track_003
human_tracks_120s_human_track_003_opus.opus,Human,Opus,human_track_003.mp3,human_tracks_120s,human_tracks_120s_human_track_003
human_tracks_120s_human_track_004_clean.mp3,Human,Clean,human_track_004.mp3,human_tracks_120s,human_tracks_120s_human_track_004
human_tracks_120s_human_track_004_aac.m4a,Human,AAC,human_track_004.mp3,human_tracks_120s,human_tracks_120s_human_track_004
human_tracks_120s_human_track_004_opus.opus,Human,Opus,human_track_004.mp3,human_tracks_120s,human_tracks_120s_human_track_004
human_tracks_120s_human_track_005_clean.mp3,Human,Clean,human_track_005.mp3,human_tracks_120s,human_tracks_120s_human_track_005
human_tracks_120s_human_track_005_aac.m4a,Human,AAC,human_track_005.mp3,human_tracks_120s,human_tracks_120s_human_track_005
human_tracks_120s_human_track_005_opus.opus,Human,Opus,human_track_005.mp3,human_tracks_120s,human_tracks_120s_human_track_005
human_tracks_120s_human_track_006_clean.mp3,Human,Clean,human_track_006.mp3,human_tracks_120s,human_tracks_120s_human_track_006
human_tracks_120s_human_track_006_aac.m4a,Human,AAC,human_track_006.mp3,human_tracks_120s,human_tracks_120s_human_track_006
human_tracks_120s_human_track_006_opus.opus,Human,Opus,human_track_006.mp3,human_tracks_120s,human_tracks_120s_human_track_006
human_tracks_120s_human_track_007_clean.mp3,Human,Clean,human_track_007.mp3,human_tracks_120s,human_tracks_120s_human_track_007
human_tracks_120s_human_track_007_aac.m4a,Human,AAC,human_track_007.mp3,human_tracks_120s,human_tracks_120s_human_track_007
human_tracks_120s_human_track_007_opus.opus,Human,Opus,human_track_007.mp3,human_tracks_120s,human_tracks_120s_human_track_007
human_tracks_120s_human_track_008_clean.mp3,Human,Clean,human_track_008.mp3,human_tracks_120s,human_tracks_120s_human_track_008
human_tracks_120s_human_track_008_aac.m4a,Human,AAC,human_track_008.mp3,human_tracks_120s,human_tracks_120s_human_track_008
human_tracks_120s_human_track_008_opus.opus,Human,Opus,human_track_008.mp3,human_tracks_120s,human_tracks_120s_human_track_008
human_tracks_120s_human_track_009_clean.mp3,Human,Clean,human_track_009.mp3,human_tracks_120s,human_tracks_120s_human_track_009
human_tracks_120s_human_track_009_aac.m4a,Human,AAC,human_track_009.mp3,human_tracks_120s,human_tracks_120s_human_track_009
human_tracks_120s_human_track_009_opus.opus,Human,Opus,human_track_009.mp3,human_tracks_120s,human_tracks_120s_human_track_009
human_tracks_120s_human_track_010_clean.mp3,Human,Clean,human_track_010.mp3,human_tracks_120s,human_tracks_120s_human_track_010
human_tracks_120s_human_track_010_aac.m4a,Human,AAC,human_track_010.mp3,human_tracks_120s,human_tracks_120s_human_track_010
human_tracks_120s_human_track_010_opus.opus,Human,Opus,human_track_010.mp3,human_tracks_120s,human_tracks_120s_human_track_010
human_tracks_120s_human_track_011_clean.mp3,Human,Clean,human_track_011.mp3,human_tracks_120s,human_tracks_120s_human_track_011
human_tracks_120s_human_track_011_aac.m4a,Human,AAC,human_track_011.mp3,human_tracks_120s,human_tracks_120s_human_track_011
human_tracks_120s_human_track_011_opus.opus,Human,Opus,human_track_011.mp3,human_tracks_120s,human_tracks_120s_human_track_011
human_tracks_120s_human_track_012_clean.mp3,Human,Clean,human_track_012.mp3,human_tracks_120s,human_tracks_120s_human_track_012
human_tracks_120s_human_track_012_aac.m4a,Human,AAC,human_track_012.mp3,human_tracks_120s,human_tracks_120s_human_track_012
human_tracks_120s_human_track_012_opus.opus,Human,Opus,human_track_012.mp3,human_tracks_120s,human_tracks_120s_human_track_012
human_tracks_120s_human_track_013_clean.mp3,Human,Clean,human_track_013.mp3,human_tracks_120s,human_tracks_120s_human_track_013
human_tracks_120s_human_track_013_aac.m4a,Human,AAC,human_track_013.mp3,human_tracks_120s,human_tracks_120s_human_track_013
human_tracks_120s_human_track_013_opus.opus,Human,Opus,human_track_013.mp3,human_tracks_120s,human_tracks_120s_human_track_013
human_tracks_120s_human_track_014_clean.mp3,Human,Clean,human_track_014.mp3,human_tracks_120s,human_tracks_120s_human_track_014
human_tracks_120s_human_track_014_aac.m4a,Human,AAC,human_track_014.mp3,human_tracks_120s,human_tracks_120s_human_track_014
human_tracks_120s_human_track_014_opus.opus,Human,Opus,human_track_014.mp3,human_tracks_120s,human_tracks_120s_human_track_014
human_tracks_120s_human_track_015_clean.mp3,Human,Clean,human_track_015.mp3,human_tracks_120s,human_tracks_120s_human_track_015
human_tracks_120s_human_track_015_aac.m4a,Human,AAC,human_track_015.mp3,human_tracks_120s,human_tracks_120s_human_track_015
human_tracks_120s_human_track_015_opus.opus,Human,Opus,human_track_015.mp3,human_tracks_120s,human_tracks_120s_human_track_015
human_tracks_120s_human_track_016_clean.mp3,Human,Clean,human_track_016.mp3,human_tracks_120s,human_tracks_120s_human_track_016
human_tracks_120s_human_track_016_aac.m4a,Human,AAC,human_track_016.mp3,human_tracks_120s,human_tracks_120s_human_track_016
human_tracks_120s_human_track_016_opus.opus,Human,Opus,human_track_016.mp3,human_tracks_120s,human_tracks_120s_human_track_016
human_tracks_120s_human_track_017_clean.mp3,Human,Clean,human_track_017.mp3,human_tracks_120s,human_tracks_120s_human_track_017
human_tracks_120s_human_track_017_aac.m4a,Human,AAC,human_track_017.mp3,human_tracks_120s,human_tracks_120s_human_track_017
human_tracks_120s_human_track_017_opus.opus,Human,Opus,human_track_017.mp3,human_tracks_120s,human_tracks_120s_human_track_017
human_tracks_120s_human_track_018_clean.mp3,Human,Clean,human_track_018.mp3,human_tracks_120s,human_tracks_120s_human_track_018
human_tracks_120s_human_track_018_aac.m4a,Human,AAC,human_track_018.mp3,human_tracks_120s,human_tracks_120s_human_track_018
human_tracks_120s_human_track_018_opus.opus,Human,Opus,human_track_018.mp3,human_tracks_120s,human_tracks_120s_human_track_018
human_tracks_120s_human_track_019_clean.mp3,Human,Clean,human_track_019.mp3,human_tracks_120s,human_tracks_120s_human_track_019
human_tracks_120s_human_track_019_aac.m4a,Human,AAC,human_track_019.mp3,human_tracks_120s,human_tracks_120s_human_track_019
human_tracks_120s_human_track_019_opus.opus,Human,Opus,human_track_019.mp3,human_tracks_120s,human_tracks_120s_human_track_019
human_tracks_120s_human_track_020_clean.mp3,Human,Clean,human_track_020.mp3,human_tracks_120s,human_tracks_120s_human_track_020
human_tracks_120s_human_track_020_aac.m4a,Human,AAC,human_track_020.mp3,human_tracks_120s,human_tracks_120s_human_track_020
human_tracks_120s_human_track_020_opus.opus,Human,Opus,human_track_020.mp3,human_tracks_120s,human_tracks_120s_human_track_020
human_tracks_120s_human_track_021_clean.mp3,Human,Clean,human_track_021.mp3,human_tracks_120s,human_tracks_120s_human_track_021
human_tracks_120s_human_track_021_aac.m4a,Human,AAC,human_track_021.mp3,human_tracks_120s,human_tracks_120s_human_track_021
human_tracks_120s_human_track_021_opus.opus,Human,Opus,human_track_021.mp3,human_tracks_120s,human_tracks_120s_human_track_021
human_tracks_120s_human_track_022_clean.mp3,Human,Clean,human_track_022.mp3,human_tracks_120s,human_tracks_120s_human_track_022
human_tracks_120s_human_track_022_aac.m4a,Human,AAC,human_track_022.mp3,human_tracks_120s,human_tracks_120s_human_track_022
human_tracks_120s_human_track_022_opus.opus,Human,Opus,human_track_022.mp3,human_tracks_120s,human_tracks_120s_human_track_022
human_tracks_120s_human_track_023_clean.mp3,Human,Clean,human_track_023.mp3,human_tracks_120s,human_tracks_120s_human_track_023
human_tracks_120s_human_track_023_aac.m4a,Human,AAC,human_track_023.mp3,human_tracks_120s,human_tracks_120s_human_track_023
human_tracks_120s_human_track_023_opus.opus,Human,Opus,human_track_023.mp3,human_tracks_120s,human_tracks_120s_human_track_023
human_tracks_120s_human_track_024_clean.mp3,Human,Clean,human_track_024.mp3,human_tracks_120s,human_tracks_120s_human_track_024
human_tracks_120s_human_track_024_aac.m4a,Human,AAC,human_track_024.mp3,human_tracks_120s,human_tracks_120s_human_track_024
human_tracks_120s_human_track_024_opus.opus,Human,Opus,human_track_024.mp3,human_tracks_120s,human_tracks_120s_human_track_024
human_tracks_120s_human_track_025_clean.mp3,Human,Clean,human_track_025.mp3,human_tracks_120s,human_tracks_120s_human_track_025
human_tracks_120s_human_track_025_aac.m4a,Human,AAC,human_track_025.mp3,human_tracks_120s,human_tracks_120s_human_track_025
human_tracks_120s_human_track_025_opus.opus,Human,Opus,human_track_025.mp3,human_tracks_120s,human_tracks_120s_human_track_025
human_tracks_120s_human_track_026_clean.mp3,Human,Clean,human_track_026.mp3,human_tracks_120s,human_tracks_120s_human_track_026
human_tracks_120s_human_track_026_aac.m4a,Human,AAC,human_track_026.mp3,human_tracks_120s,human_tracks_120s_human_track_026
human_tracks_120s_human_track_026_opus.opus,Human,Opus,human_track_026.mp3,human_tracks_120s,human_tracks_120s_human_track_026
human_tracks_120s_human_track_027_clean.mp3,Human,Clean,human_track_027.mp3,human_tracks_120s,human_tracks_120s_human_track_027
human_tracks_120s_human_track_027_aac.m4a,Human,AAC,human_track_027.mp3,human_tracks_120s,human_tracks_120s_human_track_027
human_tracks_120s_human_track_027_opus.opus,Human,Opus,human_track_027.mp3,human_tracks_120s,human_tracks_120s_human_track_027
human_tracks_120s_human_track_028_clean.mp3,Human,Clean,human_track_028.mp3,human_tracks_120s,human_tracks_120s_human_track_028
human_tracks_120s_human_track_028_aac.m4a,Human,AAC,human_track_028.mp3,human_tracks_120s,human_tracks_120s_human_track_028
human_tracks_120s_human_track_028_opus.opus,Human,Opus,human_track_028.mp3,human_tracks_120s,human_tracks_120s_human_track_028
human_tracks_120s_human_track_029_clean.mp3,Human,Clean,human_track_029.mp3,human_tracks_120s,human_tracks_120s_human_track_029
human_tracks_120s_human_track_029_aac.m4a,Human,AAC,human_track_029.mp3,human_tracks_120s,human_tracks_120s_human_track_029
human_tracks_120s_human_track_029_opus.opus,Human,Opus,human_track_029.mp3,human_tracks_120s,human_tracks_120s_human_track_029
human_tracks_120s_human_track_030_clean.mp3,Human,Clean,human_track_030.mp3,human_tracks_120s,human_tracks_120s_human_track_030
human_tracks_120s_human_track_030_aac.m4a,Human,AAC,human_track_030.mp3,human_tracks_120s,human_tracks_120s_human_track_030
human_tracks_120s_human_track_030_opus.opus,Human,Opus,human_track_030.mp3,human_tracks_120s,human_tracks_120s_human_track_030
human_tracks_120s_human_track_031_clean.mp3,Human,Clean,human_track_031.mp3,human_tracks_120s,human_tracks_120s_human_track_031
human_tracks_120s_human_track_031_aac.m4a,Human,AAC,human_track_031.mp3,human_tracks_120s,human_tracks_120s_human_track_031
human_tracks_120s_human_track_031_opus.opus,Human,Opus,human_track_031.mp3,human_tracks_120s,human_tracks_120s_human_track_031
human_tracks_120s_human_track_032_clean.mp3,Human,Clean,human_track_032.mp3,human_tracks_120s,human_tracks_120s_human_track_032
human_tracks_120s_human_track_032_aac.m4a,Human,AAC,human_track_032.mp3,human_tracks_120s,human_tracks_120s_human_track_032
human_tracks_120s_human_track_032_opus.opus,Human,Opus,human_track_032.mp3,human_tracks_120s,human_tracks_120s_human_track_032
human_tracks_120s_human_track_033_clean.mp3,Human,Clean,human_track_033.mp3,human_tracks_120s,human_tracks_120s_human_track_033
human_tracks_120s_human_track_033_aac.m4a,Human,AAC,human_track_033.mp3,human_tracks_120s,human_tracks_120s_human_track_033
human_tracks_120s_human_track_033_opus.opus,Human,Opus,human_track_033.mp3,human_tracks_120s,human_tracks_120s_human_track_033
human_tracks_120s_human_track_034_clean.mp3,Human,Clean,human_track_034.mp3,human_tracks_120s,human_tracks_120s_human_track_034
human_tracks_120s_human_track_034_aac.m4a,Human,AAC,human_track_034.mp3,human_tracks_120s,human_tracks_120s_human_track_034
human_tracks_120s_human_track_034_opus.opus,Human,Opus,human_track_034.mp3,human_tracks_120s,human_tracks_120s_human_track_034
human_tracks_120s_human_track_035_clean.mp3,Human,Clean,human_track_035.mp3,human_tracks_120s,human_tracks_120s_human_track_035
human_tracks_120s_human_track_035_aac.m4a,Human,AAC,human_track_035.mp3,human_tracks_120s,human_tracks_120s_human_track_035
human_tracks_120s_human_track_035_opus.opus,Human,Opus,human_track_035.mp3,human_tracks_120s,human_tracks_120s_human_track_035
human_tracks_120s_human_track_036_clean.mp3,Human,Clean,human_track_036.mp3,human_tracks_120s,human_tracks_120s_human_track_036
human_tracks_120s_human_track_036_aac.m4a,Human,AAC,human_track_036.mp3,human_tracks_120s,human_tracks_120s_human_track_036
human_tracks_120s_human_track_036_opus.opus,Human,Opus,human_track_036.mp3,human_tracks_120s,human_tracks_120s_human_track_036
human_tracks_120s_human_track_037_clean.mp3,Human,Clean,human_track_037.mp3,human_tracks_120s,human_tracks_120s_human_track_037
human_tracks_120s_human_track_037_aac.m4a,Human,AAC,human_track_037.mp3,human_tracks_120s,human_tracks_120s_human_track_037
human_tracks_120s_human_track_037_opus.opus,Human,Opus,human_track_037.mp3,human_tracks_120s,human_tracks_120s_human_track_037
human_tracks_120s_human_track_038_clean.mp3,Human,Clean,human_track_038.mp3,human_tracks_120s,human_tracks_120s_human_track_038
human_tracks_120s_human_track_038_aac.m4a,Human,AAC,human_track_038.mp3,human_tracks_120s,human_tracks_120s_human_track_038
human_tracks_120s_human_track_038_opus.opus,Human,Opus,human_track_038.mp3,human_tracks_120s,human_tracks_120s_human_track_038
human_tracks_120s_human_track_039_clean.mp3,Human,Clean,human_track_039.mp3,human_tracks_120s,human_tracks_120s_human_track_039
human_tracks_120s_human_track_039_aac.m4a,Human,AAC,human_track_039.mp3,human_tracks_120s,human_tracks_120s_human_track_039
human_tracks_120s_human_track_039_opus.opus,Human,Opus,human_track_039.mp3,human_tracks_120s,human_tracks_120s_human_track_039
human_tracks_120s_human_track_040_clean.mp3,Human,Clean,human_track_040.mp3,human_tracks_120s,human_tracks_120s_human_track_040
human_tracks_120s_human_track_040_aac.m4a,Human,AAC,human_track_040.mp3,human_tracks_120s,human_tracks_120s_human_track_040
human_tracks_120s_human_track_040_opus.opus,Human,Opus,human_track_040.mp3,human_tracks_120s,human_tracks_120s_human_track_040
human_tracks_120s_human_track_041_clean.mp3,Human,Clean,human_track_041.mp3,human_tracks_120s,human_tracks_120s_human_track_041
human_tracks_120s_human_track_041_aac.m4a,Human,AAC,human_track_041.mp3,human_tracks_120s,human_tracks_120s_human_track_041
human_tracks_120s_human_track_041_opus.opus,Human,Opus,human_track_041.mp3,human_tracks_120s,human_tracks_120s_human_track_041
human_tracks_120s_human_track_042_clean.mp3,Human,Clean,human_track_042.mp3,human_tracks_120s,human_tracks_120s_human_track_042
human_tracks_120s_human_track_042_aac.m4a,Human,AAC,human_track_042.mp3,human_tracks_120s,human_tracks_120s_human_track_042
human_tracks_120s_human_track_042_opus.opus,Human,Opus,human_track_042.mp3,human_tracks_120s,human_tracks_120s_human_track_042
human_tracks_120s_human_track_043_clean.mp3,Human,Clean,human_track_043.mp3,human_tracks_120s,human_tracks_120s_human_track_043
human_tracks_120s_human_track_043_aac.m4a,Human,AAC,human_track_043.mp3,human_tracks_120s,human_tracks_120s_human_track_043
human_tracks_120s_human_track_043_opus.opus,Human,Opus,human_track_043.mp3,human_tracks_120s,human_tracks_120s_human_track_043
human_tracks_120s_human_track_044_clean.mp3,Human,Clean,human_track_044.mp3,human_tracks_120s,human_tracks_120s_human_track_044
human_tracks_120s_human_track_044_aac.m4a,Human,AAC,human_track_044.mp3,human_tracks_120s,human_tracks_120s_human_track_044
human_tracks_120s_human_track_044_opus.opus,Human,Opus,human_track_044.mp3,human_tracks_120s,human_tracks_120s_human_track_044
human_tracks_120s_human_track_045_clean.mp3,Human,Clean,human_track_045.mp3,human_tracks_120s,human_tracks_120s_human_track_045
human_tracks_120s_human_track_045_aac.m4a,Human,AAC,human_track_045.mp3,human_tracks_120s,human_tracks_120s_human_track_045
human_tracks_120s_human_track_045_opus.opus,Human,Opus,human_track_045.mp3,human_tracks_120s,human_tracks_120s_human_track_045
human_tracks_120s_human_track_046_clean.mp3,Human,Clean,human_track_046.mp3,human_tracks_120s,human_tracks_120s_human_track_046
human_tracks_120s_human_track_046_aac.m4a,Human,AAC,human_track_046.mp3,human_tracks_120s,human_tracks_120s_human_track_046
human_tracks_120s_human_track_046_opus.opus,Human,Opus,human_track_046.mp3,human_tracks_120s,human_tracks_120s_human_track_046
human_tracks_120s_human_track_047_clean.mp3,Human,Clean,human_track_047.mp3,human_tracks_120s,human_tracks_120s_human_track_047
human_tracks_120s_human_track_047_aac.m4a,Human,AAC,human_track_047.mp3,human_tracks_120s,human_tracks_120s_human_track_047
human_tracks_120s_human_track_047_opus.opus,Human,Opus,human_track_047.mp3,human_tracks_120s,human_tracks_120s_human_track_047
human_tracks_120s_human_track_048_clean.mp3,Human,Clean,human_track_048.mp3,human_tracks_120s,human_tracks_120s_human_track_048
human_tracks_120s_human_track_048_aac.m4a,Human,AAC,human_track_048.mp3,human_tracks_120s,human_tracks_120s_human_track_048
human_tracks_120s_human_track_048_opus.opus,Human,Opus,human_track_048.mp3,human_tracks_120s,human_tracks_120s_human_track_048
human_tracks_120s_human_track_049_clean.mp3,Human,Clean,human_track_049.mp3,human_tracks_120s,human_tracks_120s_human_track_049
human_tracks_120s_human_track_049_aac.m4a,Human,AAC,human_track_049.mp3,human_tracks_120s,human_tracks_120s_human_track_049
human_tracks_120s_human_track_049_opus.opus,Human,Opus,human_track_049.mp3,human_tracks_120s,human_tracks_120s_human_track_049
human_tracks_120s_human_track_050_clean.mp3,Human,Clean,human_track_050.mp3,human_tracks_120s,human_tracks_120s_human_track_050
human_tracks_120s_human_track_050_aac.m4a,Human,AAC,human_track_050.mp3,human_tracks_120s,human_tracks_120s_human_track_050
human_tracks_120s_human_track_050_opus.opus,Human,Opus,human_track_050.mp3,human_tracks_120s,human_tracks_120s_human_track_050
human_tracks_120s_human_track_052_clean.mp3,Human,Clean,human_track_052.mp3,human_tracks_120s,human_tracks_120s_human_track_052
human_tracks_120s_human_track_052_aac.m4a,Human,AAC,human_track_052.mp3,human_tracks_120s,human_tracks_120s_human_track_052
human_tracks_120s_human_track_052_opus.opus,Human,Opus,human_track_052.mp3,human_tracks_120s,human_tracks_120s_human_track_052
human_tracks_120s_human_track_053_clean.mp3,Human,Clean,human_track_053.mp3,human_tracks_120s,human_tracks_120s_human_track_053
human_tracks_120s_human_track_053_aac.m4a,Human,AAC,human_track_053.mp3,human_tracks_120s,human_tracks_120s_human_track_053
human_tracks_120s_human_track_053_opus.opus,Human,Opus,human_track_053.mp3,human_tracks_120s,human_tracks_120s_human_track_053
human_tracks_120s_human_track_054_clean.mp3,Human,Clean,human_track_054.mp3,human_tracks_120s,human_tracks_120s_human_track_054
human_tracks_120s_human_track_054_aac.m4a,Human,AAC,human_track_054.mp3,human_tracks_120s,human_tracks_120s_human_track_054
human_tracks_120s_human_track_054_opus.opus,Human,Opus,human_track_054.mp3,human_tracks_120s,human_tracks_120s_human_track_054
human_tracks_120s_human_track_055_clean.mp3,Human,Clean,human_track_055.mp3,human_tracks_120s,human_tracks_120s_human_track_055
human_tracks_120s_human_track_055_aac.m4a,Human,AAC,human_track_055.mp3,human_tracks_120s,human_tracks_120s_human_track_055
human_tracks_120s_human_track_055_opus.opus,Human,Opus,human_track_055.mp3,human_tracks_120s,human_tracks_120s_human_track_055
human_tracks_120s_human_track_056_clean.mp3,Human,Clean,human_track_056.mp3,human_tracks_120s,human_tracks_120s_human_track_056
human_tracks_120s_human_track_056_aac.m4a,Human,AAC,human_track_056.mp3,human_tracks_120s,human_tracks_120s_human_track_056
human_tracks_120s_human_track_056_opus.opus,Human,Opus,human_track_056.mp3,human_tracks_120s,human_tracks_120s_human_track_056
human_tracks_120s_human_track_057_clean.mp3,Human,Clean,human_track_057.mp3,human_tracks_120s,human_tracks_120s_human_track_057
human_tracks_120s_human_track_057_aac.m4a,Human,AAC,human_track_057.mp3,human_tracks_120s,human_tracks_120s_human_track_057
human_tracks_120s_human_track_057_opus.opus,Human,Opus,human_track_057.mp3,human_tracks_120s,human_tracks_120s_human_track_057
human_tracks_120s_human_track_058_clean.mp3,Human,Clean,human_track_058.mp3,human_tracks_120s,human_tracks_120s_human_track_058
human_tracks_120s_human_track_058_aac.m4a,Human,AAC,human_track_058.mp3,human_tracks_120s,human_tracks_120s_human_track_058
human_tracks_120s_human_track_058_opus.opus,Human,Opus,human_track_058.mp3,human_tracks_120s,human_tracks_120s_human_track_058
human_tracks_120s_human_track_059_clean.mp3,Human,Clean,human_track_059.mp3,human_tracks_120s,human_tracks_120s_human_track_059
human_tracks_120s_human_track_059_aac.m4a,Human,AAC,human_track_059.mp3,human_tracks_120s,human_tracks_120s_human_track_059
human_tracks_120s_human_track_059_opus.opus,Human,Opus,human_track_059.mp3,human_tracks_120s,human_tracks_120s_human_track_059
human_tracks_120s_human_track_060_clean.mp3,Human,Clean,human_track_060.mp3,human_tracks_120s,human_tracks_120s_human_track_060
human_tracks_120s_human_track_060_aac.m4a,Human,AAC,human_track_060.mp3,human_tracks_120s,human_tracks_120s_human_track_060
human_tracks_120s_human_track_060_opus.opus,Human,Opus,human_track_060.mp3,human_tracks_120s,human_tracks_120s_human_track_060
human_tracks_120s_human_track_061_clean.mp3,Human,Clean,human_track_061.mp3,human_tracks_120s,human_tracks_120s_human_track_061
human_tracks_120s_human_track_061_aac.m4a,Human,AAC,human_track_061.mp3,human_tracks_120s,human_tracks_120s_human_track_061
human_tracks_120s_human_track_061_opus.opus,Human,Opus,human_track_061.mp3,human_tracks_120s,human_tracks_120s_human_track_061
human_tracks_120s_human_track_062_clean.mp3,Human,Clean,human_track_062.mp3,human_tracks_120s,human_tracks_120s_human_track_062
human_tracks_120s_human_track_062_aac.m4a,Human,AAC,human_track_062.mp3,human_tracks_120s,human_tracks_120s_human_track_062
human_tracks_120s_human_track_062_opus.opus,Human,Opus,human_track_062.mp3,human_tracks_120s,human_tracks_120s_human_track_062
human_tracks_120s_human_track_063_clean.mp3,Human,Clean,human_track_063.mp3,human_tracks_120s,human_tracks_120s_human_track_063
human_tracks_120s_human_track_063_aac.m4a,Human,AAC,human_track_063.mp3,human_tracks_120s,human_tracks_120s_human_track_063
human_tracks_120s_human_track_063_opus.opus,Human,Opus,human_track_063.mp3,human_tracks_120s,human_tracks_120s_human_track_063
human_tracks_120s_human_track_064_clean.mp3,Human,Clean,human_track_064.mp3,human_tracks_120s,human_tracks_120s_human_track_064
human_tracks_120s_human_track_064_aac.m4a,Human,AAC,human_track_064.mp3,human_tracks_120s,human_tracks_120s_human_track_064
human_tracks_120s_human_track_064_opus.opus,Human,Opus,human_track_064.mp3,human_tracks_120s,human_tracks_120s_human_track_064
human_tracks_120s_human_track_065_clean.mp3,Human,Clean,human_track_065.mp3,human_tracks_120s,human_tracks_120s_human_track_065
human_tracks_120s_human_track_065_aac.m4a,Human,AAC,human_track_065.mp3,human_tracks_120s,human_tracks_120s_human_track_065
human_tracks_120s_human_track_065_opus.opus,Human,Opus,human_track_065.mp3,human_tracks_120s,human_tracks_120s_human_track_065
human_tracks_120s_human_track_066_clean.mp3,Human,Clean,human_track_066.mp3,human_tracks_120s,human_tracks_120s_human_track_066
human_tracks_120s_human_track_066_aac.m4a,Human,AAC,human_track_066.mp3,human_tracks_120s,human_tracks_120s_human_track_066
human_tracks_120s_human_track_066_opus.opus,Human,Opus,human_track_066.mp3,human_tracks_120s,human_tracks_120s_human_track_066
human_tracks_120s_human_track_067_clean.mp3,Human,Clean,human_track_067.mp3,human_tracks_120s,human_tracks_120s_human_track_067
human_tracks_120s_human_track_067_aac.m4a,Human,AAC,human_track_067.mp3,human_tracks_120s,human_tracks_120s_human_track_067
human_tracks_120s_human_track_067_opus.opus,Human,Opus,human_track_067.mp3,human_tracks_120s,human_tracks_120s_human_track_067
human_tracks_120s_human_track_068_clean.mp3,Human,Clean,human_track_068.mp3,human_tracks_120s,human_tracks_120s_human_track_068
human_tracks_120s_human_track_068_aac.m4a,Human,AAC,human_track_068.mp3,human_tracks_120s,human_tracks_120s_human_track_068
human_tracks_120s_human_track_068_opus.opus,Human,Opus,human_track_068.mp3,human_tracks_120s,human_tracks_120s_human_track_068
human_tracks_120s_human_track_069_clean.mp3,Human,Clean,human_track_069.mp3,human_tracks_120s,human_tracks_120s_human_track_069
human_tracks_120s_human_track_069_aac.m4a,Human,AAC,human_track_069.mp3,human_tracks_120s,human_tracks_120s_human_track_069
human_tracks_120s_human_track_069_opus.opus,Human,Opus,human_track_069.mp3,human_tracks_120s,human_tracks_120s_human_track_069
human_tracks_120s_human_track_070_clean.mp3,Human,Clean,human_track_070.mp3,human_tracks_120s,human_tracks_120s_human_track_070
human_tracks_120s_human_track_070_aac.m4a,Human,AAC,human_track_070.mp3,human_tracks_120s,human_tracks_120s_human_track_070
human_tracks_120s_human_track_070_opus.opus,Human,Opus,human_track_070.mp3,human_tracks_120s,human_tracks_120s_human_track_070
human_tracks_120s_human_track_071_clean.mp3,Human,Clean,human_track_071.mp3,human_tracks_120s,human_tracks_120s_human_track_071
human_tracks_120s_human_track_071_aac.m4a,Human,AAC,human_track_071.mp3,human_tracks_120s,human_tracks_120s_human_track_071
human_tracks_120s_human_track_071_opus.opus,Human,Opus,human_track_071.mp3,human_tracks_120s,human_tracks_120s_human_track_071
human_tracks_120s_human_track_072_clean.mp3,Human,Clean,human_track_072.mp3,human_tracks_120s,human_tracks_120s_human_track_072
human_tracks_120s_human_track_072_aac.m4a,Human,AAC,human_track_072.mp3,human_tracks_120s,human_tracks_120s_human_track_072
human_tracks_120s_human_track_072_opus.opus,Human,Opus,human_track_072.mp3,human_tracks_120s,human_tracks_120s_human_track_072
human_tracks_120s_human_track_073_clean.mp3,Human,Clean,human_track_073.mp3,human_tracks_120s,human_tracks_120s_human_track_073
human_tracks_120s_human_track_073_aac.m4a,Human,AAC,human_track_073.mp3,human_tracks_120s,human_tracks_120s_human_track_073
human_tracks_120s_human_track_073_opus.opus,Human,Opus,human_track_073.mp3,human_tracks_120s,human_tracks_120s_human_track_073
human_tracks_120s_human_track_074_clean.mp3,Human,Clean,human_track_074.mp3,human_tracks_120s,human_tracks_120s_human_track_074
human_tracks_120s_human_track_074_aac.m4a,Human,AAC,human_track_074.mp3,human_tracks_120s,human_tracks_120s_human_track_074
human_tracks_120s_human_track_074_opus.opus,Human,Opus,human_track_074.mp3,human_tracks_120s,human_tracks_120s_human_track_074
human_tracks_120s_human_track_075_clean.mp3,Human,Clean,human_track_075.mp3,human_tracks_120s,human_tracks_120s_human_track_075
human_tracks_120s_human_track_075_aac.m4a,Human,AAC,human_track_075.mp3,human_tracks_120s,human_tracks_120s_human_track_075
human_tracks_120s_human_track_075_opus.opus,Human,Opus,human_track_075.mp3,human_tracks_120s,human_tracks_120s_human_track_075
human_tracks_120s_human_track_076_clean.mp3,Human,Clean,human_track_076.mp3,human_tracks_120s,human_tracks_120s_human_track_076
human_tracks_120s_human_track_076_aac.m4a,Human,AAC,human_track_076.mp3,human_tracks_120s,human_tracks_120s_human_track_076
human_tracks_120s_human_track_076_opus.opus,Human,Opus,human_track_076.mp3,human_tracks_120s,human_tracks_120s_human_track_076
human_tracks_120s_human_track_077_clean.mp3,Human,Clean,human_track_077.mp3,human_tracks_120s,human_tracks_120s_human_track_077
human_tracks_120s_human_track_077_aac.m4a,Human,AAC,human_track_077.mp3,human_tracks_120s,human_tracks_120s_human_track_077
human_tracks_120s_human_track_077_opus.opus,Human,Opus,human_track_077.mp3,human_tracks_120s,human_tracks_120s_human_track_077
human_tracks_120s_human_track_078_clean.mp3,Human,Clean,human_track_078.mp3,human_tracks_120s,human_tracks_120s_human_track_078
human_tracks_120s_human_track_078_aac.m4a,Human,AAC,human_track_078.mp3,human_tracks_120s,human_tracks_120s_human_track_078
human_tracks_120s_human_track_078_opus.opus,Human,Opus,human_track_078.mp3,human_tracks_120s,human_tracks_120s_human_track_078
human_tracks_120s_human_track_079_clean.mp3,Human,Clean,human_track_079.mp3,human_tracks_120s,human_tracks_120s_human_track_079
human_tracks_120s_human_track_079_aac.m4a,Human,AAC,human_track_079.mp3,human_tracks_120s,human_tracks_120s_human_track_079
human_tracks_120s_human_track_079_opus.opus,Human,Opus,human_track_079.mp3,human_tracks_120s,human_tracks_120s_human_track_079
human_tracks_120s_human_track_080_clean.mp3,Human,Clean,human_track_080.mp3,human_tracks_120s,human_tracks_120s_human_track_080
human_tracks_120s_human_track_080_aac.m4a,Human,AAC,human_track_080.mp3,human_tracks_120s,human_tracks_120s_human_track_080
human_tracks_120s_human_track_080_opus.opus,Human,Opus,human_track_080.mp3,human_tracks_120s,human_tracks_120s_human_track_080
human_tracks_120s_human_track_081_clean.mp3,Human,Clean,human_track_081.mp3,human_tracks_120s,human_tracks_120s_human_track_081
human_tracks_120s_human_track_081_aac.m4a,Human,AAC,human_track_081.mp3,human_tracks_120s,human_tracks_120s_human_track_081
human_tracks_120s_human_track_081_opus.opus,Human,Opus,human_track_081.mp3,human_tracks_120s,human_tracks_120s_human_track_081
human_tracks_120s_human_track_082_clean.mp3,Human,Clean,human_track_082.mp3,human_tracks_120s,human_tracks_120s_human_track_082
human_tracks_120s_human_track_082_aac.m4a,Human,AAC,human_track_082.mp3,human_tracks_120s,human_tracks_120s_human_track_082
human_tracks_120s_human_track_082_opus.opus,Human,Opus,human_track_082.mp3,human_tracks_120s,human_tracks_120s_human_track_082
human_tracks_120s_human_track_083_clean.mp3,Human,Clean,human_track_083.mp3,human_tracks_120s,human_tracks_120s_human_track_083
human_tracks_120s_human_track_083_aac.m4a,Human,AAC,human_track_083.mp3,human_tracks_120s,human_tracks_120s_human_track_083
human_tracks_120s_human_track_083_opus.opus,Human,Opus,human_track_083.mp3,human_tracks_120s,human_tracks_120s_human_track_083
human_tracks_120s_human_track_084_clean.mp3,Human,Clean,human_track_084.mp3,human_tracks_120s,human_tracks_120s_human_track_084
human_tracks_120s_human_track_084_aac.m4a,Human,AAC,human_track_084.mp3,human_tracks_120s,human_tracks_120s_human_track_084
human_tracks_120s_human_track_084_opus.opus,Human,Opus,human_track_084.mp3,human_tracks_120s,human_tracks_120s_human_track_084
human_tracks_120s_human_track_085_clean.mp3,Human,Clean,human_track_085.mp3,human_tracks_120s,human_tracks_120s_human_track_085
human_tracks_120s_human_track_085_aac.m4a,Human,AAC,human_track_085.mp3,human_tracks_120s,human_tracks_120s_human_track_085
human_tracks_120s_human_track_085_opus.opus,Human,Opus,human_track_085.mp3,human_tracks_120s,human_tracks_120s_human_track_085
human_tracks_120s_human_track_086_clean.mp3,Human,Clean,human_track_086.mp3,human_tracks_120s,human_tracks_120s_human_track_086
human_tracks_120s_human_track_086_aac.m4a,Human,AAC,human_track_086.mp3,human_tracks_120s,human_tracks_120s_human_track_086
human_tracks_120s_human_track_086_opus.opus,Human,Opus,human_track_086.mp3,human_tracks_120s,human_tracks_120s_human_track_086
human_tracks_120s_human_track_087_clean.mp3,Human,Clean,human_track_087.mp3,human_tracks_120s,human_tracks_120s_human_track_087
human_tracks_120s_human_track_087_aac.m4a,Human,AAC,human_track_087.mp3,human_tracks_120s,human_tracks_120s_human_track_087
human_tracks_120s_human_track_087_opus.opus,Human,Opus,human_track_087.mp3,human_tracks_120s,human_tracks_120s_human_track_087
human_tracks_120s_human_track_088_clean.mp3,Human,Clean,human_track_088.mp3,human_tracks_120s,human_tracks_120s_human_track_088
human_tracks_120s_human_track_088_aac.m4a,Human,AAC,human_track_088.mp3,human_tracks_120s,human_tracks_120s_human_track_088
human_tracks_120s_human_track_088_opus.opus,Human,Opus,human_track_088.mp3,human_tracks_120s,human_tracks_120s_human_track_088
human_tracks_120s_human_track_089_clean.mp3,Human,Clean,human_track_089.mp3,human_tracks_120s,human_tracks_120s_human_track_089
human_tracks_120s_human_track_089_aac.m4a,Human,AAC,human_track_089.mp3,human_tracks_120s,human_tracks_120s_human_track_089
human_tracks_120s_human_track_089_opus.opus,Human,Opus,human_track_089.mp3,human_tracks_120s,human_tracks_120s_human_track_089
human_tracks_120s_human_track_090_clean.mp3,Human,Clean,human_track_090.mp3,human_tracks_120s,human_tracks_120s_human_track_090
human_tracks_120s_human_track_090_aac.m4a,Human,AAC,human_track_090.mp3,human_tracks_120s,human_tracks_120s_human_track_090
human_tracks_120s_human_track_090_opus.opus,Human,Opus,human_track_090.mp3,human_tracks_120s,human_tracks_120s_human_track_090
human_tracks_120s_human_track_091_clean.mp3,Human,Clean,human_track_091.mp3,human_tracks_120s,human_tracks_120s_human_track_091
human_tracks_120s_human_track_091_aac.m4a,Human,AAC,human_track_091.mp3,human_tracks_120s,human_tracks_120s_human_track_091
human_tracks_120s_human_track_091_opus.opus,Human,Opus,human_track_091.mp3,human_tracks_120s,human_tracks_120s_human_track_091
human_tracks_120s_human_track_092_clean.mp3,Human,Clean,human_track_092.mp3,human_tracks_120s,human_tracks_120s_human_track_092
human_tracks_120s_human_track_092_aac.m4a,Human,AAC,human_track_092.mp3,human_tracks_120s,human_tracks_120s_human_track_092
human_tracks_120s_human_track_092_opus.opus,Human,Opus,human_track_092.mp3,human_tracks_120s,human_tracks_120s_human_track_092
human_tracks_120s_human_track_093_clean.mp3,Human,Clean,human_track_093.mp3,human_tracks_120s,human_tracks_120s_human_track_093
human_tracks_120s_human_track_093_aac.m4a,Human,AAC,human_track_093.mp3,human_tracks_120s,human_tracks_120s_human_track_093
human_tracks_120s_human_track_093_opus.opus,Human,Opus,human_track_093.mp3,human_tracks_120s,human_tracks_120s_human_track_093
human_tracks_120s_human_track_094_clean.mp3,Human,Clean,human_track_094.mp3,human_tracks_120s,human_tracks_120s_human_track_094
human_tracks_120s_human_track_094_aac.m4a,Human,AAC,human_track_094.mp3,human_tracks_120s,human_tracks_120s_human_track_094
human_tracks_120s_human_track_094_opus.opus,Human,Opus,human_track_094.mp3,human_tracks_120s,human_tracks_120s_human_track_094
human_tracks_120s_human_track_095_clean.mp3,Human,Clean,human_track_095.mp3,human_tracks_120s,human_tracks_120s_human_track_095
human_tracks_120s_human_track_095_aac.m4a,Human,AAC,human_track_095.mp3,human_tracks_120s,human_tracks_120s_human_track_095
human_tracks_120s_human_track_095_opus.opus,Human,Opus,human_track_095.mp3,human_tracks_120s,human_tracks_120s_human_track_095
human_tracks_120s_human_track_096_clean.m4a,Human,Clean,human_track_096.m4a,human_tracks_120s,human_tracks_120s_human_track_096
human_tracks_120s_human_track_096_aac.m4a,Human,AAC,human_track_096.m4a,human_tracks_120s,human_tracks_120s_human_track_096
human_tracks_120s_human_track_096_opus.opus,Human,Opus,human_track_096.m4a,human_tracks_120s,human_tracks_120s_human_track_096
human_tracks_120s_human_track_097_clean.m4a,Human,Clean,human_track_097.m4a,human_tracks_120s,human_tracks_120s_human_track_097
human_tracks_120s_human_track_097_aac.m4a,Human,AAC,human_track_097.m4a,human_tracks_120s,human_tracks_120s_human_track_097
human_tracks_120s_human_track_097_opus.opus,Human,Opus,human_track_097.m4a,human_tracks_120s,human_tracks_120s_human_track_097
human_tracks_120s_human_track_098_clean.m4a,Human,Clean,human_track_098.m4a,human_tracks_120s,human_tracks_120s_human_track_098
human_tracks_120s_human_track_098_aac.m4a,Human,AAC,human_track_098.m4a,human_tracks_120s,human_tracks_120s_human_track_098
human_tracks_120s_human_track_098_opus.opus,Human,Opus,human_track_098.m4a,human_tracks_120s,human_tracks_120s_human_track_098
human_tracks_120s_human_track_099_clean.m4a,Human,Clean,human_track_099.m4a,human_tracks_120s,human_tracks_120s_human_track_099
human_tracks_120s_human_track_099_aac.m4a,Human,AAC,human_track_099.m4a,human_tracks_120s,human_tracks_120s_human_track_099
human_tracks_120s_human_track_099_opus.opus,Human,Opus,human_track_099.m4a,human_tracks_120s,human_tracks_120s_human_track_099
human_tracks_120s_human_track_100_clean.m4a,Human,Clean,human_track_100.m4a,human_tracks_120s,human_tracks_120s_human_track_100
human_tracks_120s_human_track_100_aac.m4a,Human,AAC,human_track_100.m4a,human_tracks_120s,human_tracks_120s_human_track_100
human_tracks_120s_human_track_100_opus.opus,Human,Opus,human_track_100.m4a,human_tracks_120s,human_tracks_120s_human_track_100
human_tracks_10s_human_track_001_clean.mp3,Human,Clean,human_track_001.mp3,human_tracks_10s,human_tracks_10s_human_track_001
human_tracks_10s_human_track_001_aac.m4a,Human,AAC,human_track_001.mp3,human_tracks_10s,human_tracks_10s_human_track_001
human_tracks_10s_human_track_001_opus.opus,Human,Opus,human_track_001.mp3,human_tracks_10s,human_tracks_10s_human_track_001
human_tracks_10s_human_track_002_clean.mp3,Human,Clean,human_track_002.mp3,human_tracks_10s,human_tracks_10s_human_track_002
human_tracks_10s_human_track_002_aac.m4a,Human,AAC,human_track_002.mp3,human_tracks_10s,human_tracks_10s_human_track_002
human_tracks_10s_human_track_002_opus.opus,Human,Opus,human_track_002.mp3,human_tracks_10s,human_tracks_10s_human_track_002
human_tracks_10s_human_track_003_clean.mp3,Human,Clean,human_track_003.mp3,human_tracks_10s,human_tracks_10s_human_track_003
human_tracks_10s_human_track_003_aac.m4a,Human,AAC,human_track_003.mp3,human_tracks_10s,human_tracks_10s_human_track_003
human_tracks_10s_human_track_003_opus.opus,Human,Opus,human_track_003.mp3,human_tracks_10s,human_tracks_10s_human_track_003
human_tracks_10s_human_track_004_clean.mp3,Human,Clean,human_track_004.mp3,human_tracks_10s,human_tracks_10s_human_track_004
human_tracks_10s_human_track_004_aac.m4a,Human,AAC,human_track_004.mp3,human_tracks_10s,human_tracks_10s_human_track_004
human_tracks_10s_human_track_004_opus.opus,Human,Opus,human_track_004.mp3,human_tracks_10s,human_tracks_10s_human_track_004
human_tracks_10s_human_track_005_clean.mp3,Human,Clean,human_track_005.mp3,human_tracks_10s,human_tracks_10s_human_track_005
human_tracks_10s_human_track_005_aac.m4a,Human,AAC,human_track_005.mp3,human_tracks_10s,human_tracks_10s_human_track_005
human_tracks_10s_human_track_005_opus.opus,Human,Opus,human_track_005.mp3,human_tracks_10s,human_tracks_10s_human_track_005
human_tracks_10s_human_track_006_clean.mp3,Human,Clean,human_track_006.mp3,human_tracks_10s,human_tracks_10s_human_track_006
human_tracks_10s_human_track_006_aac.m4a,Human,AAC,human_track_006.mp3,human_tracks_10s,human_tracks_10s_human_track_006
human_tracks_10s_human_track_006_opus.opus,Human,Opus,human_track_006.mp3,human_tracks_10s,human_tracks_10s_human_track_006
human_tracks_10s_human_track_007_clean.mp3,Human,Clean,human_track_007.mp3,human_tracks_10s,human_tracks_10s_human_track_007
human_tracks_10s_human_track_007_aac.m4a,Human,AAC,human_track_007.mp3,human_tracks_10s,human_tracks_10s_human_track_007
human_tracks_10s_human_track_007_opus.opus,Human,Opus,human_track_007.mp3,human_tracks_10s,human_tracks_10s_human_track_007
human_tracks_10s_human_track_008_clean.mp3,Human,Clean,human_track_008.mp3,human_tracks_10s,human_tracks_10s_human_track_008
human_tracks_10s_human_track_008_aac.m4a,Human,AAC,human_track_008.mp3,human_tracks_10s,human_tracks_10s_human_track_008
human_tracks_10s_human_track_008_opus.opus,Human,Opus,human_track_008.mp3,human_tracks_10s,human_tracks_10s_human_track_008
human_tracks_10s_human_track_009_clean.mp3,Human,Clean,human_track_009.mp3,human_tracks_10s,human_tracks_10s_human_track_009
human_tracks_10s_human_track_009_aac.m4a,Human,AAC,human_track_009.mp3,human_tracks_10s,human_tracks_10s_human_track_009
human_tracks_10s_human_track_009_opus.opus,Human,Opus,human_track_009.mp3,human_tracks_10s,human_tracks_10s_human_track_009
human_tracks_10s_human_track_010_clean.mp3,Human,Clean,human_track_010.mp3,human_tracks_10s,human_tracks_10s_human_track_010
human_tracks_10s_human_track_010_aac.m4a,Human,AAC,human_track_010.mp3,human_tracks_10s,human_tracks_10s_human_track_010
human_tracks_10s_human_track_010_opus.opus,Human,Opus,human_track_010.mp3,human_tracks_10s,human_tracks_10s_human_track_010
human_tracks_10s_human_track_011_clean.mp3,Human,Clean,human_track_011.mp3,human_tracks_10s,human_tracks_10s_human_track_011
human_tracks_10s_human_track_011_aac.m4a,Human,AAC,human_track_011.mp3,human_tracks_10s,human_tracks_10s_human_track_011
human_tracks_10s_human_track_011_opus.opus,Human,Opus,human_track_011.mp3,human_tracks_10s,human_tracks_10s_human_track_011
human_tracks_10s_human_track_012_clean.mp3,Human,Clean,human_track_012.mp3,human_tracks_10s,human_tracks_10s_human_track_012
human_tracks_10s_human_track_012_aac.m4a,Human,AAC,human_track_012.mp3,human_tracks_10s,human_tracks_10s_human_track_012
human_tracks_10s_human_track_012_opus.opus,Human,Opus,human_track_012.mp3,human_tracks_10s,human_tracks_10s_human_track_012
human_tracks_10s_human_track_013_clean.mp3,Human,Clean,human_track_013.mp3,human_tracks_10s,human_tracks_10s_human_track_013
human_tracks_10s_human_track_013_aac.m4a,Human,AAC,human_track_013.mp3,human_tracks_10s,human_tracks_10s_human_track_013
human_tracks_10s_human_track_013_opus.opus,Human,Opus,human_track_013.mp3,human_tracks_10s,human_tracks_10s_human_track_013
human_tracks_10s_human_track_014_clean.mp3,Human,Clean,human_track_014.mp3,human_tracks_10s,human_tracks_10s_human_track_014
human_tracks_10s_human_track_014_aac.m4a,Human,AAC,human_track_014.mp3,human_tracks_10s,human_tracks_10s_human_track_014
human_tracks_10s_human_track_014_opus.opus,Human,Opus,human_track_014.mp3,human_tracks_10s,human_tracks_10s_human_track_014
human_tracks_10s_human_track_015_clean.mp3,Human,Clean,human_track_015.mp3,human_tracks_10s,human_tracks_10s_human_track_015
human_tracks_10s_human_track_015_aac.m4a,Human,AAC,human_track_015.mp3,human_tracks_10s,human_tracks_10s_human_track_015
human_tracks_10s_human_track_015_opus.opus,Human,Opus,human_track_015.mp3,human_tracks_10s,human_tracks_10s_human_track_015
human_tracks_10s_human_track_016_clean.mp3,Human,Clean,human_track_016.mp3,human_tracks_10s,human_tracks_10s_human_track_016
human_tracks_10s_human_track_016_aac.m4a,Human,AAC,human_track_016.mp3,human_tracks_10s,human_tracks_10s_human_track_016
human_tracks_10s_human_track_016_opus.opus,Human,Opus,human_track_016.mp3,human_tracks_10s,human_tracks_10s_human_track_016
human_tracks_10s_human_track_017_clean.mp3,Human,Clean,human_track_017.mp3,human_tracks_10s,human_tracks_10s_human_track_017
human_tracks_10s_human_track_017_aac.m4a,Human,AAC,human_track_017.mp3,human_tracks_10s,human_tracks_10s_human_track_017
human_tracks_10s_human_track_017_opus.opus,Human,Opus,human_track_017.mp3,human_tracks_10s,human_tracks_10s_human_track_017
human_tracks_10s_human_track_018_clean.mp3,Human,Clean,human_track_018.mp3,human_tracks_10s,human_tracks_10s_human_track_018
human_tracks_10s_human_track_018_aac.m4a,Human,AAC,human_track_018.mp3,human_tracks_10s,human_tracks_10s_human_track_018
human_tracks_10s_human_track_018_opus.opus,Human,Opus,human_track_018.mp3,human_tracks_10s,human_tracks_10s_human_track_018
human_tracks_10s_human_track_019_clean.mp3,Human,Clean,human_track_019.mp3,human_tracks_10s,human_tracks_10s_human_track_019
human_tracks_10s_human_track_019_aac.m4a,Human,AAC,human_track_019.mp3,human_tracks_10s,human_tracks_10s_human_track_019
human_tracks_10s_human_track_019_opus.opus,Human,Opus,human_track_019.mp3,human_tracks_10s,human_tracks_10s_human_track_019
human_tracks_10s_human_track_020_clean.mp3,Human,Clean,human_track_020.mp3,human_tracks_10s,human_tracks_10s_human_track_020
human_tracks_10s_human_track_020_aac.m4a,Human,AAC,human_track_020.mp3,human_tracks_10s,human_tracks_10s_human_track_020
human_tracks_10s_human_track_020_opus.opus,Human,Opus,human_track_020.mp3,human_tracks_10s,human_tracks_10s_human_track_020
human_tracks_10s_human_track_021_clean.mp3,Human,Clean,human_track_021.mp3,human_tracks_10s,human_tracks_10s_human_track_021
human_tracks_10s_human_track_021_aac.m4a,Human,AAC,human_track_021.mp3,human_tracks_10s,human_tracks_10s_human_track_021
human_tracks_10s_human_track_021_opus.opus,Human,Opus,human_track_021.mp3,human_tracks_10s,human_tracks_10s_human_track_021
human_tracks_10s_human_track_022_clean.mp3,Human,Clean,human_track_022.mp3,human_tracks_10s,human_tracks_10s_human_track_022
human_tracks_10s_human_track_022_aac.m4a,Human,AAC,human_track_022.mp3,human_tracks_10s,human_tracks_10s_human_track_022
human_tracks_10s_human_track_022_opus.opus,Human,Opus,human_track_022.mp3,human_tracks_10s,human_tracks_10s_human_track_022
human_tracks_10s_human_track_023_clean.mp3,Human,Clean,human_track_023.mp3,human_tracks_10s,human_tracks_10s_human_track_023
human_tracks_10s_human_track_023_aac.m4a,Human,AAC,human_track_023.mp3,human_tracks_10s,human_tracks_10s_human_track_023
human_tracks_10s_human_track_023_opus.opus,Human,Opus,human_track_023.mp3,human_tracks_10s,human_tracks_10s_human_track_023
human_tracks_10s_human_track_024_clean.mp3,Human,Clean,human_track_024.mp3,human_tracks_10s,human_tracks_10s_human_track_024
human_tracks_10s_human_track_024_aac.m4a,Human,AAC,human_track_024.mp3,human_tracks_10s,human_tracks_10s_human_track_024
human_tracks_10s_human_track_024_opus.opus,Human,Opus,human_track_024.mp3,human_tracks_10s,human_tracks_10s_human_track_024
human_tracks_10s_human_track_025_clean.mp3,Human,Clean,human_track_025.mp3,human_tracks_10s,human_tracks_10s_human_track_025
human_tracks_10s_human_track_025_aac.m4a,Human,AAC,human_track_025.mp3,human_tracks_10s,human_tracks_10s_human_track_025
human_tracks_10s_human_track_025_opus.opus,Human,Opus,human_track_025.mp3,human_tracks_10s,human_tracks_10s_human_track_025
human_tracks_10s_human_track_026_clean.mp3,Human,Clean,human_track_026.mp3,human_tracks_10s,human_tracks_10s_human_track_026
human_tracks_10s_human_track_026_aac.m4a,Human,AAC,human_track_026.mp3,human_tracks_10s,human_tracks_10s_human_track_026
human_tracks_10s_human_track_026_opus.opus,Human,Opus,human_track_026.mp3,human_tracks_10s,human_tracks_10s_human_track_026
human_tracks_10s_human_track_027_clean.mp3,Human,Clean,human_track_027.mp3,human_tracks_10s,human_tracks_10s_human_track_027
human_tracks_10s_human_track_027_aac.m4a,Human,AAC,human_track_027.mp3,human_tracks_10s,human_tracks_10s_human_track_027
human_tracks_10s_human_track_027_opus.opus,Human,Opus,human_track_027.mp3,human_tracks_10s,human_tracks_10s_human_track_027
human_tracks_10s_human_track_028_clean.mp3,Human,Clean,human_track_028.mp3,human_tracks_10s,human_tracks_10s_human_track_028
human_tracks_10s_human_track_028_aac.m4a,Human,AAC,human_track_028.mp3,human_tracks_10s,human_tracks_10s_human_track_028
human_tracks_10s_human_track_028_opus.opus,Human,Opus,human_track_028.mp3,human_tracks_10s,human_tracks_10s_human_track_028
human_tracks_10s_human_track_029_clean.mp3,Human,Clean,human_track_029.mp3,human_tracks_10s,human_tracks_10s_human_track_029
human_tracks_10s_human_track_029_aac.m4a,Human,AAC,human_track_029.mp3,human_tracks_10s,human_tracks_10s_human_track_029
human_tracks_10s_human_track_029_opus.opus,Human,Opus,human_track_029.mp3,human_tracks_10s,human_tracks_10s_human_track_029
human_tracks_10s_human_track_030_clean.mp3,Human,Clean,human_track_030.mp3,human_tracks_10s,human_tracks_10s_human_track_030
human_tracks_10s_human_track_030_aac.m4a,Human,AAC,human_track_030.mp3,human_tracks_10s,human_tracks_10s_human_track_030
human_tracks_10s_human_track_030_opus.opus,Human,Opus,human_track_030.mp3,human_tracks_10s,human_tracks_10s_human_track_030
human_tracks_10s_human_track_031_clean.mp3,Human,Clean,human_track_031.mp3,human_tracks_10s,human_tracks_10s_human_track_031
human_tracks_10s_human_track_031_aac.m4a,Human,AAC,human_track_031.mp3,human_tracks_10s,human_tracks_10s_human_track_031
human_tracks_10s_human_track_031_opus.opus,Human,Opus,human_track_031.mp3,human_tracks_10s,human_tracks_10s_human_track_031
human_tracks_10s_human_track_032_clean.mp3,Human,Clean,human_track_032.mp3,human_tracks_10s,human_tracks_10s_human_track_032
human_tracks_10s_human_track_032_aac.m4a,Human,AAC,human_track_032.mp3,human_tracks_10s,human_tracks_10s_human_track_032
human_tracks_10s_human_track_032_opus.opus,Human,Opus,human_track_032.mp3,human_tracks_10s,human_tracks_10s_human_track_032
human_tracks_10s_human_track_033_clean.mp3,Human,Clean,human_track_033.mp3,human_tracks_10s,human_tracks_10s_human_track_033
human_tracks_10s_human_track_033_aac.m4a,Human,AAC,human_track_033.mp3,human_tracks_10s,human_tracks_10s_human_track_033
human_tracks_10s_human_track_033_opus.opus,Human,Opus,human_track_033.mp3,human_tracks_10s,human_tracks_10s_human_track_033
human_tracks_10s_human_track_034_clean.mp3,Human,Clean,human_track_034.mp3,human_tracks_10s,human_tracks_10s_human_track_034
human_tracks_10s_human_track_034_aac.m4a,Human,AAC,human_track_034.mp3,human_tracks_10s,human_tracks_10s_human_track_034
human_tracks_10s_human_track_034_opus.opus,Human,Opus,human_track_034.mp3,human_tracks_10s,human_tracks_10s_human_track_034
human_tracks_10s_human_track_035_clean.mp3,Human,Clean,human_track_035.mp3,human_tracks_10s,human_tracks_10s_human_track_035
human_tracks_10s_human_track_035_aac.m4a,Human,AAC,human_track_035.mp3,human_tracks_10s,human_tracks_10s_human_track_035
human_tracks_10s_human_track_035_opus.opus,Human,Opus,human_track_035.mp3,human_tracks_10s,human_tracks_10s_human_track_035
human_tracks_10s_human_track_036_clean.mp3,Human,Clean,human_track_036.mp3,human_tracks_10s,human_tracks_10s_human_track_036
human_tracks_10s_human_track_036_aac.m4a,Human,AAC,human_track_036.mp3,human_tracks_10s,human_tracks_10s_human_track_036
human_tracks_10s_human_track_036_opus.opus,Human,Opus,human_track_036.mp3,human_tracks_10s,human_tracks_10s_human_track_036
human_tracks_10s_human_track_037_clean.mp3,Human,Clean,human_track_037.mp3,human_tracks_10s,human_tracks_10s_human_track_037
human_tracks_10s_human_track_037_aac.m4a,Human,AAC,human_track_037.mp3,human_tracks_10s,human_tracks_10s_human_track_037
human_tracks_10s_human_track_037_opus.opus,Human,Opus,human_track_037.mp3,human_tracks_10s,human_tracks_10s_human_track_037
human_tracks_10s_human_track_038_clean.mp3,Human,Clean,human_track_038.mp3,human_tracks_10s,human_tracks_10s_human_track_038
human_tracks_10s_human_track_038_aac.m4a,Human,AAC,human_track_038.mp3,human_tracks_10s,human_tracks_10s_human_track_038
human_tracks_10s_human_track_038_opus.opus,Human,Opus,human_track_038.mp3,human_tracks_10s,human_tracks_10s_human_track_038
human_tracks_10s_human_track_039_clean.mp3,Human,Clean,human_track_039.mp3,human_tracks_10s,human_tracks_10s_human_track_039
human_tracks_10s_human_track_039_aac.m4a,Human,AAC,human_track_039.mp3,human_tracks_10s,human_tracks_10s_human_track_039
human_tracks_10s_human_track_039_opus.opus,Human,Opus,human_track_039.mp3,human_tracks_10s,human_tracks_10s_human_track_039
human_tracks_10s_human_track_040_clean.mp3,Human,Clean,human_track_040.mp3,human_tracks_10s,human_tracks_10s_human_track_040
human_tracks_10s_human_track_040_aac.m4a,Human,AAC,human_track_040.mp3,human_tracks_10s,human_tracks_10s_human_track_040
human_tracks_10s_human_track_040_opus.opus,Human,Opus,human_track_040.mp3,human_tracks_10s,human_tracks_10s_human_track_040
human_tracks_10s_human_track_041_clean.mp3,Human,Clean,human_track_041.mp3,human_tracks_10s,human_tracks_10s_human_track_041
human_tracks_10s_human_track_041_aac.m4a,Human,AAC,human_track_041.mp3,human_tracks_10s,human_tracks_10s_human_track_041
human_tracks_10s_human_track_041_opus.opus,Human,Opus,human_track_041.mp3,human_tracks_10s,human_tracks_10s_human_track_041
human_tracks_10s_human_track_042_clean.mp3,Human,Clean,human_track_042.mp3,human_tracks_10s,human_tracks_10s_human_track_042
human_tracks_10s_human_track_042_aac.m4a,Human,AAC,human_track_042.mp3,human_tracks_10s,human_tracks_10s_human_track_042
human_tracks_10s_human_track_042_opus.opus,Human,Opus,human_track_042.mp3,human_tracks_10s,human_tracks_10s_human_track_042
human_tracks_10s_human_track_043_clean.mp3,Human,Clean,human_track_043.mp3,human_tracks_10s,human_tracks_10s_human_track_043
human_tracks_10s_human_track_043_aac.m4a,Human,AAC,human_track_043.mp3,human_tracks_10s,human_tracks_10s_human_track_043
human_tracks_10s_human_track_043_opus.opus,Human,Opus,human_track_043.mp3,human_tracks_10s,human_tracks_10s_human_track_043
human_tracks_10s_human_track_044_clean.mp3,Human,Clean,human_track_044.mp3,human_tracks_10s,human_tracks_10s_human_track_044
human_tracks_10s_human_track_044_aac.m4a,Human,AAC,human_track_044.mp3,human_tracks_10s,human_tracks_10s_human_track_044
human_tracks_10s_human_track_044_opus.opus,Human,Opus,human_track_044.mp3,human_tracks_10s,human_tracks_10s_human_track_044
human_tracks_10s_human_track_045_clean.mp3,Human,Clean,human_track_045.mp3,human_tracks_10s,human_tracks_10s_human_track_045
human_tracks_10s_human_track_045_aac.m4a,Human,AAC,human_track_045.mp3,human_tracks_10s,human_tracks_10s_human_track_045
human_tracks_10s_human_track_045_opus.opus,Human,Opus,human_track_045.mp3,human_tracks_10s,human_tracks_10s_human_track_045
human_tracks_10s_human_track_046_clean.mp3,Human,Clean,human_track_046.mp3,human_tracks_10s,human_tracks_10s_human_track_046
human_tracks_10s_human_track_046_aac.m4a,Human,AAC,human_track_046.mp3,human_tracks_10s,human_tracks_10s_human_track_046
human_tracks_10s_human_track_046_opus.opus,Human,Opus,human_track_046.mp3,human_tracks_10s,human_tracks_10s_human_track_046
human_tracks_10s_human_track_047_clean.mp3,Human,Clean,human_track_047.mp3,human_tracks_10s,human_tracks_10s_human_track_047
human_tracks_10s_human_track_047_aac.m4a,Human,AAC,human_track_047.mp3,human_tracks_10s,human_tracks_10s_human_track_047
human_tracks_10s_human_track_047_opus.opus,Human,Opus,human_track_047.mp3,human_tracks_10s,human_tracks_10s_human_track_047
human_tracks_10s_human_track_048_clean.mp3,Human,Clean,human_track_048.mp3,human_tracks_10s,human_tracks_10s_human_track_048
human_tracks_10s_human_track_048_aac.m4a,Human,AAC,human_track_048.mp3,human_tracks_10s,human_tracks_10s_human_track_048
human_tracks_10s_human_track_048_opus.opus,Human,Opus,human_track_048.mp3,human_tracks_10s,human_tracks_10s_human_track_048
human_tracks_10s_human_track_049_clean.mp3,Human,Clean,human_track_049.mp3,human_tracks_10s,human_tracks_10s_human_track_049
human_tracks_10s_human_track_049_aac.m4a,Human,AAC,human_track_049.mp3,human_tracks_10s,human_tracks_10s_human_track_049
human_tracks_10s_human_track_049_opus.opus,Human,Opus,human_track_049.mp3,human_tracks_10s,human_tracks_10s_human_track_049
human_tracks_10s_human_track_050_clean.mp3,Human,Clean,human_track_050.mp3,human_tracks_10s,human_tracks_10s_human_track_050
human_tracks_10s_human_track_050_aac.m4a,Human,AAC,human_track_050.mp3,human_tracks_10s,human_tracks_10s_human_track_050
human_tracks_10s_human_track_050_opus.opus,Human,Opus,human_track_050.mp3,human_tracks_10s,human_tracks_10s_human_track_050
human_tracks_10s_human_track_051_clean.mp3,Human,Clean,human_track_051.mp3,human_tracks_10s,human_tracks_10s_human_track_051
human_tracks_10s_human_track_051_aac.m4a,Human,AAC,human_track_051.mp3,human_tracks_10s,human_tracks_10s_human_track_051
human_tracks_10s_human_track_051_opus.opus,Human,Opus,human_track_051.mp3,human_tracks_10s,human_tracks_10s_human_track_051
human_tracks_10s_human_track_052_clean.mp3,Human,Clean,human_track_052.mp3,human_tracks_10s,human_tracks_10s_human_track_052
human_tracks_10s_human_track_052_aac.m4a,Human,AAC,human_track_052.mp3,human_tracks_10s,human_tracks_10s_human_track_052
human_tracks_10s_human_track_052_opus.opus,Human,Opus,human_track_052.mp3,human_tracks_10s,human_tracks_10s_human_track_052
human_tracks_10s_human_track_053_clean.mp3,Human,Clean,human_track_053.mp3,human_tracks_10s,human_tracks_10s_human_track_053
human_tracks_10s_human_track_053_aac.m4a,Human,AAC,human_track_053.mp3,human_tracks_10s,human_tracks_10s_human_track_053
human_tracks_10s_human_track_053_opus.opus,Human,Opus,human_track_053.mp3,human_tracks_10s,human_tracks_10s_human_track_053
human_tracks_10s_human_track_054_clean.mp3,Human,Clean,human_track_054.mp3,human_tracks_10s,human_tracks_10s_human_track_054
human_tracks_10s_human_track_054_aac.m4a,Human,AAC,human_track_054.mp3,human_tracks_10s,human_tracks_10s_human_track_054
human_tracks_10s_human_track_054_opus.opus,Human,Opus,human_track_054.mp3,human_tracks_10s,human_tracks_10s_human_track_054
human_tracks_10s_human_track_055_clean.mp3,Human,Clean,human_track_055.mp3,human_tracks_10s,human_tracks_10s_human_track_055
human_tracks_10s_human_track_055_aac.m4a,Human,AAC,human_track_055.mp3,human_tracks_10s,human_tracks_10s_human_track_055
human_tracks_10s_human_track_055_opus.opus,Human,Opus,human_track_055.mp3,human_tracks_10s,human_tracks_10s_human_track_055
human_tracks_10s_human_track_056_clean.mp3,Human,Clean,human_track_056.mp3,human_tracks_10s,human_tracks_10s_human_track_056
human_tracks_10s_human_track_056_aac.m4a,Human,AAC,human_track_056.mp3,human_tracks_10s,human_tracks_10s_human_track_056
human_tracks_10s_human_track_056_opus.opus,Human,Opus,human_track_056.mp3,human_tracks_10s,human_tracks_10s_human_track_056
human_tracks_10s_human_track_057_clean.mp3,Human,Clean,human_track_057.mp3,human_tracks_10s,human_tracks_10s_human_track_057
human_tracks_10s_human_track_057_aac.m4a,Human,AAC,human_track_057.mp3,human_tracks_10s,human_tracks_10s_human_track_057
human_tracks_10s_human_track_057_opus.opus,Human,Opus,human_track_057.mp3,human_tracks_10s,human_tracks_10s_human_track_057
human_tracks_10s_human_track_058_clean.mp3,Human,Clean,human_track_058.mp3,human_tracks_10s,human_tracks_10s_human_track_058
human_tracks_10s_human_track_058_aac.m4a,Human,AAC,human_track_058.mp3,human_tracks_10s,human_tracks_10s_human_track_058
human_tracks_10s_human_track_058_opus.opus,Human,Opus,human_track_058.mp3,human_tracks_10s,human_tracks_10s_human_track_058
human_tracks_10s_human_track_059_clean.mp3,Human,Clean,human_track_059.mp3,human_tracks_10s,human_tracks_10s_human_track_059
human_tracks_10s_human_track_059_aac.m4a,Human,AAC,human_track_059.mp3,human_tracks_10s,human_tracks_10s_human_track_059
human_tracks_10s_human_track_059_opus.opus,Human,Opus,human_track_059.mp3,human_tracks_10s,human_tracks_10s_human_track_059
human_tracks_10s_human_track_060_clean.mp3,Human,Clean,human_track_060.mp3,human_tracks_10s,human_tracks_10s_human_track_060
human_tracks_10s_human_track_060_aac.m4a,Human,AAC,human_track_060.mp3,human_tracks_10s,human_tracks_10s_human_track_060
human_tracks_10s_human_track_060_opus.opus,Human,Opus,human_track_060.mp3,human_tracks_10s,human_tracks_10s_human_track_060
human_tracks_10s_human_track_061_clean.mp3,Human,Clean,human_track_061.mp3,human_tracks_10s,human_tracks_10s_human_track_061
human_tracks_10s_human_track_061_aac.m4a,Human,AAC,human_track_061.mp3,human_tracks_10s,human_tracks_10s_human_track_061
human_tracks_10s_human_track_061_opus.opus,Human,Opus,human_track_061.mp3,human_tracks_10s,human_tracks_10s_human_track_061
human_tracks_10s_human_track_062_clean.mp3,Human,Clean,human_track_062.mp3,human_tracks_10s,human_tracks_10s_human_track_062
human_tracks_10s_human_track_062_aac.m4a,Human,AAC,human_track_062.mp3,human_tracks_10s,human_tracks_10s_human_track_062
human_tracks_10s_human_track_062_opus.opus,Human,Opus,human_track_062.mp3,human_tracks_10s,human_tracks_10s_human_track_062
human_tracks_10s_human_track_063_clean.mp3,Human,Clean,human_track_063.mp3,human_tracks_10s,human_tracks_10s_human_track_063
human_tracks_10s_human_track_063_aac.m4a,Human,AAC,human_track_063.mp3,human_tracks_10s,human_tracks_10s_human_track_063
human_tracks_10s_human_track_063_opus.opus,Human,Opus,human_track_063.mp3,human_tracks_10s,human_tracks_10s_human_track_063
human_tracks_10s_human_track_064_clean.mp3,Human,Clean,human_track_064.mp3,human_tracks_10s,human_tracks_10s_human_track_064
human_tracks_10s_human_track_064_aac.m4a,Human,AAC,human_track_064.mp3,human_tracks_10s,human_tracks_10s_human_track_064
human_tracks_10s_human_track_064_opus.opus,Human,Opus,human_track_064.mp3,human_tracks_10s,human_tracks_10s_human_track_064
human_tracks_10s_human_track_065_clean.mp3,Human,Clean,human_track_065.mp3,human_tracks_10s,human_tracks_10s_human_track_065
human_tracks_10s_human_track_065_aac.m4a,Human,AAC,human_track_065.mp3,human_tracks_10s,human_tracks_10s_human_track_065
human_tracks_10s_human_track_065_opus.opus,Human,Opus,human_track_065.mp3,human_tracks_10s,human_tracks_10s_human_track_065
human_tracks_10s_human_track_066_clean.mp3,Human,Clean,human_track_066.mp3,human_tracks_10s,human_tracks_10s_human_track_066
human_tracks_10s_human_track_066_aac.m4a,Human,AAC,human_track_066.mp3,human_tracks_10s,human_tracks_10s_human_track_066
human_tracks_10s_human_track_066_opus.opus,Human,Opus,human_track_066.mp3,human_tracks_10s,human_tracks_10s_human_track_066
human_tracks_10s_human_track_067_clean.mp3,Human,Clean,human_track_067.mp3,human_tracks_10s,human_tracks_10s_human_track_067
human_tracks_10s_human_track_067_aac.m4a,Human,AAC,human_track_067.mp3,human_tracks_10s,human_tracks_10s_human_track_067
human_tracks_10s_human_track_067_opus.opus,Human,Opus,human_track_067.mp3,human_tracks_10s,human_tracks_10s_human_track_067
human_tracks_10s_human_track_068_clean.mp3,Human,Clean,human_track_068.mp3,human_tracks_10s,human_tracks_10s_human_track_068
human_tracks_10s_human_track_068_aac.m4a,Human,AAC,human_track_068.mp3,human_tracks_10s,human_tracks_10s_human_track_068
human_tracks_10s_human_track_068_opus.opus,Human,Opus,human_track_068.mp3,human_tracks_10s,human_tracks_10s_human_track_068
human_tracks_10s_human_track_069_clean.mp3,Human,Clean,human_track_069.mp3,human_tracks_10s,human_tracks_10s_human_track_069
human_tracks_10s_human_track_069_aac.m4a,Human,AAC,human_track_069.mp3,human_tracks_10s,human_tracks_10s_human_track_069
human_tracks_10s_human_track_069_opus.opus,Human,Opus,human_track_069.mp3,human_tracks_10s,human_tracks_10s_human_track_069
human_tracks_10s_human_track_070_clean.mp3,Human,Clean,human_track_070.mp3,human_tracks_10s,human_tracks_10s_human_track_070
human_tracks_10s_human_track_070_aac.m4a,Human,AAC,human_track_070.mp3,human_tracks_10s,human_tracks_10s_human_track_070
human_tracks_10s_human_track_070_opus.opus,Human,Opus,human_track_070.mp3,human_tracks_10s,human_tracks_10s_human_track_070
human_tracks_10s_human_track_071_clean.mp3,Human,Clean,human_track_071.mp3,human_tracks_10s,human_tracks_10s_human_track_071
human_tracks_10s_human_track_071_aac.m4a,Human,AAC,human_track_071.mp3,human_tracks_10s,human_tracks_10s_human_track_071
human_tracks_10s_human_track_071_opus.opus,Human,Opus,human_track_071.mp3,human_tracks_10s,human_tracks_10s_human_track_071
human_tracks_10s_human_track_072_clean.mp3,Human,Clean,human_track_072.mp3,human_tracks_10s,human_tracks_10s_human_track_072
human_tracks_10s_human_track_072_aac.m4a,Human,AAC,human_track_072.mp3,human_tracks_10s,human_tracks_10s_human_track_072
human_tracks_10s_human_track_072_opus.opus,Human,Opus,human_track_072.mp3,human_tracks_10s,human_tracks_10s_human_track_072
human_tracks_10s_human_track_073_clean.mp3,Human,Clean,human_track_073.mp3,human_tracks_10s,human_tracks_10s_human_track_073
human_tracks_10s_human_track_073_aac.m4a,Human,AAC,human_track_073.mp3,human_tracks_10s,human_tracks_10s_human_track_073
human_tracks_10s_human_track_073_opus.opus,Human,Opus,human_track_073.mp3,human_tracks_10s,human_tracks_10s_human_track_073
human_tracks_10s_human_track_074_clean.mp3,Human,Clean,human_track_074.mp3,human_tracks_10s,human_tracks_10s_human_track_074
human_tracks_10s_human_track_074_aac.m4a,Human,AAC,human_track_074.mp3,human_tracks_10s,human_tracks_10s_human_track_074
human_tracks_10s_human_track_074_opus.opus,Human,Opus,human_track_074.mp3,human_tracks_10s,human_tracks_10s_human_track_074
human_tracks_10s_human_track_075_clean.mp3,Human,Clean,human_track_075.mp3,human_tracks_10s,human_tracks_10s_human_track_075
human_tracks_10s_human_track_075_aac.m4a,Human,AAC,human_track_075.mp3,human_tracks_10s,human_tracks_10s_human_track_075
human_tracks_10s_human_track_075_opus.opus,Human,Opus,human_track_075.mp3,human_tracks_10s,human_tracks_10s_human_track_075
human_tracks_10s_human_track_076_clean.mp3,Human,Clean,human_track_076.mp3,human_tracks_10s,human_tracks_10s_human_track_076
human_tracks_10s_human_track_076_aac.m4a,Human,AAC,human_track_076.mp3,human_tracks_10s,human_tracks_10s_human_track_076
human_tracks_10s_human_track_076_opus.opus,Human,Opus,human_track_076.mp3,human_tracks_10s,human_tracks_10s_human_track_076
human_tracks_10s_human_track_077_clean.mp3,Human,Clean,human_track_077.mp3,human_tracks_10s,human_tracks_10s_human_track_077
human_tracks_10s_human_track_077_aac.m4a,Human,AAC,human_track_077.mp3,human_tracks_10s,human_tracks_10s_human_track_077
human_tracks_10s_human_track_077_opus.opus,Human,Opus,human_track_077.mp3,human_tracks_10s,human_tracks_10s_human_track_077
human_tracks_10s_human_track_078_clean.mp3,Human,Clean,human_track_078.mp3,human_tracks_10s,human_tracks_10s_human_track_078
human_tracks_10s_human_track_078_aac.m4a,Human,AAC,human_track_078.mp3,human_tracks_10s,human_tracks_10s_human_track_078
human_tracks_10s_human_track_078_opus.opus,Human,Opus,human_track_078.mp3,human_tracks_10s,human_tracks_10s_human_track_078
human_tracks_10s_human_track_079_clean.mp3,Human,Clean,human_track_079.mp3,human_tracks_10s,human_tracks_10s_human_track_079
human_tracks_10s_human_track_079_aac.m4a,Human,AAC,human_track_079.mp3,human_tracks_10s,human_tracks_10s_human_track_079
human_tracks_10s_human_track_079_opus.opus,Human,Opus,human_track_079.mp3,human_tracks_10s,human_tracks_10s_human_track_079
human_tracks_10s_human_track_080_clean.mp3,Human,Clean,human_track_080.mp3,human_tracks_10s,human_tracks_10s_human_track_080
human_tracks_10s_human_track_080_aac.m4a,Human,AAC,human_track_080.mp3,human_tracks_10s,human_tracks_10s_human_track_080
human_tracks_10s_human_track_080_opus.opus,Human,Opus,human_track_080.mp3,human_tracks_10s,human_tracks_10s_human_track_080
human_tracks_10s_human_track_081_clean.mp3,Human,Clean,human_track_081.mp3,human_tracks_10s,human_tracks_10s_human_track_081
human_tracks_10s_human_track_081_aac.m4a,Human,AAC,human_track_081.mp3,human_tracks_10s,human_tracks_10s_human_track_081
human_tracks_10s_human_track_081_opus.opus,Human,Opus,human_track_081.mp3,human_tracks_10s,human_tracks_10s_human_track_081
human_tracks_10s_human_track_082_clean.mp3,Human,Clean,human_track_082.mp3,human_tracks_10s,human_tracks_10s_human_track_082
human_tracks_10s_human_track_082_aac.m4a,Human,AAC,human_track_082.mp3,human_tracks_10s,human_tracks_10s_human_track_082
human_tracks_10s_human_track_082_opus.opus,Human,Opus,human_track_082.mp3,human_tracks_10s,human_tracks_10s_human_track_082
human_tracks_10s_human_track_083_clean.mp3,Human,Clean,human_track_083.mp3,human_tracks_10s,human_tracks_10s_human_track_083
human_tracks_10s_human_track_083_aac.m4a,Human,AAC,human_track_083.mp3,human_tracks_10s,human_tracks_10s_human_track_083
human_tracks_10s_human_track_083_opus.opus,Human,Opus,human_track_083.mp3,human_tracks_10s,human_tracks_10s_human_track_083
human_tracks_10s_human_track_084_clean.mp3,Human,Clean,human_track_084.mp3,human_tracks_10s,human_tracks_10s_human_track_084
human_tracks_10s_human_track_084_aac.m4a,Human,AAC,human_track_084.mp3,human_tracks_10s,human_tracks_10s_human_track_084
human_tracks_10s_human_track_084_opus.opus,Human,Opus,human_track_084.mp3,human_tracks_10s,human_tracks_10s_human_track_084
human_tracks_10s_human_track_085_clean.mp3,Human,Clean,human_track_085.mp3,human_tracks_10s,human_tracks_10s_human_track_085
human_tracks_10s_human_track_085_aac.m4a,Human,AAC,human_track_085.mp3,human_tracks_10s,human_tracks_10s_human_track_085
human_tracks_10s_human_track_085_opus.opus,Human,Opus,human_track_085.mp3,human_tracks_10s,human_tracks_10s_human_track_085
human_tracks_10s_human_track_086_clean.mp3,Human,Clean,human_track_086.mp3,human_tracks_10s,human_tracks_10s_human_track_086
human_tracks_10s_human_track_086_aac.m4a,Human,AAC,human_track_086.mp3,human_tracks_10s,human_tracks_10s_human_track_086
human_tracks_10s_human_track_086_opus.opus,Human,Opus,human_track_086.mp3,human_tracks_10s,human_tracks_10s_human_track_086
human_tracks_10s_human_track_087_clean.mp3,Human,Clean,human_track_087.mp3,human_tracks_10s,human_tracks_10s_human_track_087
human_tracks_10s_human_track_087_aac.m4a,Human,AAC,human_track_087.mp3,human_tracks_10s,human_tracks_10s_human_track_087
human_tracks_10s_human_track_087_opus.opus,Human,Opus,human_track_087.mp3,human_tracks_10s,human_tracks_10s_human_track_087
human_tracks_10s_human_track_088_clean.mp3,Human,Clean,human_track_088.mp3,human_tracks_10s,human_tracks_10s_human_track_088
human_tracks_10s_human_track_088_aac.m4a,Human,AAC,human_track_088.mp3,human_tracks_10s,human_tracks_10s_human_track_088
human_tracks_10s_human_track_088_opus.opus,Human,Opus,human_track_088.mp3,human_tracks_10s,human_tracks_10s_human_track_088
human_tracks_10s_human_track_089_clean.mp3,Human,Clean,human_track_089.mp3,human_tracks_10s,human_tracks_10s_human_track_089
human_tracks_10s_human_track_089_aac.m4a,Human,AAC,human_track_089.mp3,human_tracks_10s,human_tracks_10s_human_track_089
human_tracks_10s_human_track_089_opus.opus,Human,Opus,human_track_089.mp3,human_tracks_10s,human_tracks_10s_human_track_089
human_tracks_10s_human_track_090_clean.mp3,Human,Clean,human_track_090.mp3,human_tracks_10s,human_tracks_10s_human_track_090
human_tracks_10s_human_track_090_aac.m4a,Human,AAC,human_track_090.mp3,human_tracks_10s,human_tracks_10s_human_track_090
human_tracks_10s_human_track_090_opus.opus,Human,Opus,human_track_090.mp3,human_tracks_10s,human_tracks_10s_human_track_090
human_tracks_10s_human_track_091_clean.mp3,Human,Clean,human_track_091.mp3,human_tracks_10s,human_tracks_10s_human_track_091
human_tracks_10s_human_track_091_aac.m4a,Human,AAC,human_track_091.mp3,human_tracks_10s,human_tracks_10s_human_track_091
human_tracks_10s_human_track_091_opus.opus,Human,Opus,human_track_091.mp3,human_tracks_10s,human_tracks_10s_human_track_091
human_tracks_10s_human_track_092_clean.mp3,Human,Clean,human_track_092.mp3,human_tracks_10s,human_tracks_10s_human_track_092
human_tracks_10s_human_track_092_aac.m4a,Human,AAC,human_track_092.mp3,human_tracks_10s,human_tracks_10s_human_track_092
human_tracks_10s_human_track_092_opus.opus,Human,Opus,human_track_092.mp3,human_tracks_10s,human_tracks_10s_human_track_092
human_tracks_10s_human_track_093_clean.mp3,Human,Clean,human_track_093.mp3,human_tracks_10s,human_tracks_10s_human_track_093
human_tracks_10s_human_track_093_aac.m4a,Human,AAC,human_track_093.mp3,human_tracks_10s,human_tracks_10s_human_track_093
human_tracks_10s_human_track_093_opus.opus,Human,Opus,human_track_093.mp3,human_tracks_10s,human_tracks_10s_human_track_093
human_tracks_10s_human_track_094_clean.mp3,Human,Clean,human_track_094.mp3,human_tracks_10s,human_tracks_10s_human_track_094
human_tracks_10s_human_track_094_aac.m4a,Human,AAC,human_track_094.mp3,human_tracks_10s,human_tracks_10s_human_track_094
human_tracks_10s_human_track_094_opus.opus,Human,Opus,human_track_094.mp3,human_tracks_10s,human_tracks_10s_human_track_094
human_tracks_10s_human_track_095_clean.mp3,Human,Clean,human_track_095.mp3,human_tracks_10s,human_tracks_10s_human_track_095
human_tracks_10s_human_track_095_aac.m4a,Human,AAC,human_track_095.mp3,human_tracks_10s,human_tracks_10s_human_track_095
human_tracks_10s_human_track_095_opus.opus,Human,Opus,human_track_095.mp3,human_tracks_10s,human_tracks_10s_human_track_095
human_tracks_10s_human_track_096_clean.m4a,Human,Clean,human_track_096.m4a,human_tracks_10s,human_tracks_10s_human_track_096
human_tracks_10s_human_track_096_aac.m4a,Human,AAC,human_track_096.m4a,human_tracks_10s,human_tracks_10s_human_track_096
human_tracks_10s_human_track_096_opus.opus,Human,Opus,human_track_096.m4a,human_tracks_10s,human_tracks_10s_human_track_096
human_tracks_10s_human_track_097_clean.m4a,Human,Clean,human_track_097.m4a,human_tracks_10s,human_tracks_10s_human_track_097
human_tracks_10s_human_track_097_aac.m4a,Human,AAC,human_track_097.m4a,human_tracks_10s,human_tracks_10s_human_track_097
human_tracks_10s_human_track_097_opus.opus,Human,Opus,human_track_097.m4a,human_tracks_10s,human_tracks_10s_human_track_097
human_tracks_10s_human_track_098_clean.m4a,Human,Clean,human_track_098.m4a,human_tracks_10s,human_tracks_10s_human_track_098
human_tracks_10s_human_track_098_aac.m4a,Human,AAC,human_track_098.m4a,human_tracks_10s,human_tracks_10s_human_track_098
human_tracks_10s_human_track_098_opus.opus,Human,Opus,human_track_098.m4a,human_tracks_10s,human_tracks_10s_human_track_098
human_tracks_10s_human_track_099_clean.m4a,Human,Clean,human_track_099.m4a,human_tracks_10s,human_tracks_10s_human_track_099
human_tracks_10s_human_track_099_aac.m4a,Human,AAC,human_track_099.m4a,human_tracks_10s,human_tracks_10s_human_track_099
human_tracks_10s_human_track_099_opus.opus,Human,Opus,human_track_099.m4a,human_tracks_10s,human_tracks_10s_human_track_099
human_tracks_10s_human_track_100_clean.m4a,Human,Clean,human_track_100.m4a,human_tracks_10s,human_tracks_10s_human_track_100
human_tracks_10s_human_track_100_aac.m4a,Human,AAC,human_track_100.m4a,human_tracks_10s,human_tracks_10s_human_track_100
human_tracks_10s_human_track_100_opus.opus,Human,Opus,human_track_100.m4a,human_tracks_10s,human_tracks_10s_human_track_100
ai_tracks_120s_new_ai_track_001_clean.mp3,AI,Clean,new_ai_track_001.mp3,ai_tracks_120s,ai_tracks_120s_new_ai_track_001
ai_tracks_120s_new_ai_track_001_aac.m4a,AI,AAC,new_ai_track_001.mp3,ai_tracks_120s,ai_tracks_120s_new_ai_track_001
ai_tracks_120s_new_ai_track_001_opus.opus,AI,Opus,new_ai_track_001.mp3,ai_tracks_120s,ai_tracks_120s_new_ai_track_001
ai_tracks_120s_new_ai_track_002_clean.mp3,AI,Clean,new_ai_track_002.mp3,ai_tracks_120s,ai_tracks_120s_new_ai_track_002
ai_tracks_120s_new_ai_track_002_aac.m4a,AI,AAC,new_ai_track_002.mp3,ai_tracks_120s,ai_tracks_120s_new_ai_track_002
ai_tracks_120s_new_ai_track_002_opus.opus,AI,Opus,new_ai_track_002.mp3,ai_tracks_120s,ai_tracks_120s_new_ai_track_002
ai_tracks_120s_new_ai_track_003_clean.mp3,AI,Clean,new_ai_track_003.mp3,ai_tracks_120s,ai_tracks_120s_new_ai_track_003
ai_tracks_120s_new_ai_track_003_aac.m4a,AI,AAC,new_ai_track_003.mp3,ai_tracks_120s,ai_tracks_120s_new_ai_track_003
ai_tracks_120s_new_ai_track_003_opus.opus,AI,Opus,new_ai_track_003.mp3,ai_tracks_120s,ai_tracks_120s_new_ai_track_003
ai_tracks_120s_new_ai_track_004_clean.mp3,AI,Clean,new_ai_track_004.mp3,ai_tracks_120s,ai_tracks_120s_new_ai_track_004
ai_tracks_120s_new_ai_track_004_aac.m4a,AI,AAC,new_ai_track_004.mp3,ai_tracks_120s,ai_tracks_120s_new_ai_track_004
ai_tracks_120s_new_ai_track_004_opus.opus,AI,Opus,new_ai_track_004.mp3,ai_tracks_120s,ai_tracks_120s_new_ai_track_004
ai_tracks_120s_new_ai_track_005_clean.mp3,AI,Clean,new_ai_track_005.mp3,ai_tracks_120s,ai_tracks_120s_new_ai_track_005
ai_tracks_120s_new_ai_track_005_aac.m4a,AI,AAC,new_ai_track_005.mp3,ai_tracks_120s,ai_tracks_120s_new_ai_track_005
ai_tracks_120s_new_ai_track_005_opus.opus,AI,Opus,new_ai_track_005.mp3,ai_tracks_120s,ai_tracks_120s_new_ai_track_005
ai_tracks_120s_new_ai_track_006_clean.mp3,AI,Clean,new_ai_track_006.mp3,ai_tracks_120s,ai_tracks_120s_new_ai_track_006
ai_tracks_120s_new_ai_track_006_aac.m4a,AI,AAC,new_ai_track_006.mp3,ai_tracks_120s,ai_tracks_120s_new_ai_track_006
ai_tracks_120s_new_ai_track_006_opus.opus,AI,Opus,new_ai_track_006.mp3,ai_tracks_120s,ai_tracks_120s_new_ai_track_006
ai_tracks_120s_new_ai_track_007_clean.mp3,AI,Clean,new_ai_track_007.mp3,ai_tracks_120s,ai_tracks_120s_new_ai_track_007
ai_tracks_120s_new_ai_track_007_aac.m4a,AI,AAC,new_ai_track_007.mp3,ai_tracks_120s,ai_tracks_120s_new_ai_track_007
ai_tracks_120s_new_ai_track_007_opus.opus,AI,Opus,new_ai_track_007.mp3,ai_tracks_120s,ai_tracks_120s_new_ai_track_007
ai_tracks_120s_new_ai_track_008_clean.mp3,AI,Clean,new_ai_track_008.mp3,ai_tracks_120s,ai_tracks_120s_new_ai_track_008
ai_tracks_120s_new_ai_track_008_aac.m4a,AI,AAC,new_ai_track_008.mp3,ai_tracks_120s,ai_tracks_120s_new_ai_track_008
ai_tracks_120s_new_ai_track_008_opus.opus,AI,Opus,new_ai_track_008.mp3,ai_tracks_120s,ai_tracks_120s_new_ai_track_008
ai_tracks_120s_new_ai_track_009_clean.mp3,AI,Clean,new_ai_track_009.mp3,ai_tracks_120s,ai_tracks_120s_new_ai_track_009
ai_tracks_120s_new_ai_track_009_aac.m4a,AI,AAC,new_ai_track_009.mp3,ai_tracks_120s,ai_tracks_120s_new_ai_track_009
ai_tracks_120s_new_ai_track_009_opus.opus,AI,Opus,new_ai_track_009.mp3,ai_tracks_120s,ai_tracks_120s_new_ai_track_009
ai_tracks_120s_new_ai_track_010_clean.mp3,AI,Clean,new_ai_track_010.mp3,ai_tracks_120s,ai_tracks_120s_new_ai_track_010
ai_tracks_120s_new_ai_track_010_aac.m4a,AI,AAC,new_ai_track_010.mp3,ai_tracks_120s,ai_tracks_120s_new_ai_track_010
ai_tracks_120s_new_ai_track_010_opus.opus,AI,Opus,new_ai_track_010.mp3,ai_tracks_120s,ai_tracks_120s_new_ai_track_010
ai_tracks_120s_new_ai_track_011_clean.mp3,AI,Clean,new_ai_track_011.mp3,ai_tracks_120s,ai_tracks_120s_new_ai_track_011
ai_tracks_120s_new_ai_track_011_aac.m4a,AI,AAC,new_ai_track_011.mp3,ai_tracks_120s,ai_tracks_120s_new_ai_track_011
ai_tracks_120s_new_ai_track_011_opus.opus,AI,Opus,new_ai_track_011.mp3,ai_tracks_120s,ai_tracks_120s_new_ai_track_011
ai_tracks_120s_new_ai_track_012_clean.mp3,AI,Clean,new_ai_track_012.mp3,ai_tracks_120s,ai_tracks_120s_new_ai_track_012
ai_tracks_120s_new_ai_track_012_aac.m4a,AI,AAC,new_ai_track_012.mp3,ai_tracks_120s,ai_tracks_120s_new_ai_track_012
ai_tracks_120s_new_ai_track_012_opus.opus,AI,Opus,new_ai_track_012.mp3,ai_tracks_120s,ai_tracks_120s_new_ai_track_012
ai_tracks_120s_new_ai_track_013_clean.mp3,AI,Clean,new_ai_track_013.mp3,ai_tracks_120s,ai_tracks_120s_new_ai_track_013
ai_tracks_120s_new_ai_track_013_aac.m4a,AI,AAC,new_ai_track_013.mp3,ai_tracks_120s,ai_tracks_120s_new_ai_track_013
ai_tracks_120s_new_ai_track_013_opus.opus,AI,Opus,new_ai_track_013.mp3,ai_tracks_120s,ai_tracks_120s_new_ai_track_013
ai_tracks_120s_new_ai_track_014_clean.mp3,AI,Clean,new_ai_track_014.mp3,ai_tracks_120s,ai_tracks_120s_new_ai_track_014
ai_tracks_120s_new_ai_track_014_aac.m4a,AI,AAC,new_ai_track_014.mp3,ai_tracks_120s,ai_tracks_120s_new_ai_track_014
ai_tracks_120s_new_ai_track_014_opus.opus,AI,Opus,new_ai_track_014.mp3,ai_tracks_120s,ai_tracks_120s_new_ai_track_014
ai_tracks_120s_new_ai_track_015_clean.mp3,AI,Clean,new_ai_track_015.mp3,ai_tracks_120s,ai_tracks_120s_new_ai_track_015
ai_tracks_120s_new_ai_track_015_aac.m4a,AI,AAC,new_ai_track_015.mp3,ai_tracks_120s,ai_tracks_120s_new_ai_track_015
ai_tracks_120s_new_ai_track_015_opus.opus,AI,Opus,new_ai_track_015.mp3,ai_tracks_120s,ai_tracks_120s_new_ai_track_015
ai_tracks_120s_new_ai_track_016_clean.mp3,AI,Clean,new_ai_track_016.mp3,ai_tracks_120s,ai_tracks_120s_new_ai_track_016
ai_tracks_120s_new_ai_track_016_aac.m4a,AI,AAC,new_ai_track_016.mp3,ai_tracks_120s,ai_tracks_120s_new_ai_track_016
ai_tracks_120s_new_ai_track_016_opus.opus,AI,Opus,new_ai_track_016.mp3,ai_tracks_120s,ai_tracks_120s_new_ai_track_016
ai_tracks_120s_new_ai_track_017_clean.mp3,AI,Clean,new_ai_track_017.mp3,ai_tracks_120s,ai_tracks_120s_new_ai_track_017
ai_tracks_120s_new_ai_track_017_aac.m4a,AI,AAC,new_ai_track_017.mp3,ai_tracks_120s,ai_tracks_120s_new_ai_track_017
ai_tracks_120s_new_ai_track_017_opus.opus,AI,Opus,new_ai_track_017.mp3,ai_tracks_120s,ai_tracks_120s_new_ai_track_017
ai_tracks_120s_new_ai_track_018_clean.mp3,AI,Clean,new_ai_track_018.mp3,ai_tracks_120s,ai_tracks_120s_new_ai_track_018
ai_tracks_120s_new_ai_track_018_aac.m4a,AI,AAC,new_ai_track_018.mp3,ai_tracks_120s,ai_tracks_120s_new_ai_track_018
ai_tracks_120s_new_ai_track_018_opus.opus,AI,Opus,new_ai_track_018.mp3,ai_tracks_120s,ai_tracks_120s_new_ai_track_018
ai_tracks_120s_new_ai_track_019_clean.mp3,AI,Clean,new_ai_track_019.mp3,ai_tracks_120s,ai_tracks_120s_new_ai_track_019
ai_tracks_120s_new_ai_track_019_aac.m4a,AI,AAC,new_ai_track_019.mp3,ai_tracks_120s,ai_tracks_120s_new_ai_track_019
ai_tracks_120s_new_ai_track_019_opus.opus,AI,Opus,new_ai_track_019.mp3,ai_tracks_120s,ai_tracks_120s_new_ai_track_019
ai_tracks_120s_new_ai_track_020_clean.mp3,AI,Clean,new_ai_track_020.mp3,ai_tracks_120s,ai_tracks_120s_new_ai_track_020
ai_tracks_120s_new_ai_track_020_aac.m4a,AI,AAC,new_ai_track_020.mp3,ai_tracks_120s,ai_tracks_120s_new_ai_track_020
ai_tracks_120s_new_ai_track_020_opus.opus,AI,Opus,new_ai_track_020.mp3,ai_tracks_120s,ai_tracks_120s_new_ai_track_020
ai_tracks_120s_new_ai_track_021_clean.mp3,AI,Clean,new_ai_track_021.mp3,ai_tracks_120s,ai_tracks_120s_new_ai_track_021
ai_tracks_120s_new_ai_track_021_aac.m4a,AI,AAC,new_ai_track_021.mp3,ai_tracks_120s,ai_tracks_120s_new_ai_track_021
ai_tracks_120s_new_ai_track_021_opus.opus,AI,Opus,new_ai_track_021.mp3,ai_tracks_120s,ai_tracks_120s_new_ai_track_021
ai_tracks_120s_new_ai_track_022_clean.mp3,AI,Clean,new_ai_track_022.mp3,ai_tracks_120s,ai_tracks_120s_new_ai_track_022
ai_tracks_120s_new_ai_track_022_aac.m4a,AI,AAC,new_ai_track_022.mp3,ai_tracks_120s,ai_tracks_120s_new_ai_track_022
ai_tracks_120s_new_ai_track_022_opus.opus,AI,Opus,new_ai_track_022.mp3,ai_tracks_120s,ai_tracks_120s_new_ai_track_022
ai_tracks_120s_new_ai_track_023_clean.mp3,AI,Clean,new_ai_track_023.mp3,ai_tracks_120s,ai_tracks_120s_new_ai_track_023
ai_tracks_120s_new_ai_track_023_aac.m4a,AI,AAC,new_ai_track_023.mp3,ai_tracks_120s,ai_tracks_120s_new_ai_track_023
ai_tracks_120s_new_ai_track_023_opus.opus,AI,Opus,new_ai_track_023.mp3,ai_tracks_120s,ai_tracks_120s_new_ai_track_023
ai_tracks_120s_new_ai_track_024_clean.mp3,AI,Clean,new_ai_track_024.mp3,ai_tracks_120s,ai_tracks_120s_new_ai_track_024
ai_tracks_120s_new_ai_track_024_aac.m4a,AI,AAC,new_ai_track_024.mp3,ai_tracks_120s,ai_tracks_120s_new_ai_track_024
ai_tracks_120s_new_ai_track_024_opus.opus,AI,Opus,new_ai_track_024.mp3,ai_tracks_120s,ai_tracks_120s_new_ai_track_024
ai_tracks_120s_new_ai_track_025_clean.mp3,AI,Clean,new_ai_track_025.mp3,ai_tracks_120s,ai_tracks_120s_new_ai_track_025
ai_tracks_120s_new_ai_track_025_aac.m4a,AI,AAC,new_ai_track_025.mp3,ai_tracks_120s,ai_tracks_120s_new_ai_track_025
ai_tracks_120s_new_ai_track_025_opus.opus,AI,Opus,new_ai_track_025.mp3,ai_tracks_120s,ai_tracks_120s_new_ai_track_025
ai_tracks_120s_new_ai_track_026_clean.mp3,AI,Clean,new_ai_track_026.mp3,ai_tracks_120s,ai_tracks_120s_new_ai_track_026
ai_tracks_120s_new_ai_track_026_aac.m4a,AI,AAC,new_ai_track_026.mp3,ai_tracks_120s,ai_tracks_120s_new_ai_track_026
ai_tracks_120s_new_ai_track_026_opus.opus,AI,Opus,new_ai_track_026.mp3,ai_tracks_120s,ai_tracks_120s_new_ai_track_026
ai_tracks_120s_new_ai_track_027_clean.mp3,AI,Clean,new_ai_track_027.mp3,ai_tracks_120s,ai_tracks_120s_new_ai_track_027
ai_tracks_120s_new_ai_track_027_aac.m4a,AI,AAC,new_ai_track_027.mp3,ai_tracks_120s,ai_tracks_120s_new_ai_track_027
ai_tracks_120s_new_ai_track_027_opus.opus,AI,Opus,new_ai_track_027.mp3,ai_tracks_120s,ai_tracks_120s_new_ai_track_027
ai_tracks_120s_new_ai_track_028_clean.mp3,AI,Clean,new_ai_track_028.mp3,ai_tracks_120s,ai_tracks_120s_new_ai_track_028
ai_tracks_120s_new_ai_track_028_aac.m4a,AI,AAC,new_ai_track_028.mp3,ai_tracks_120s,ai_tracks_120s_new_ai_track_028
ai_tracks_120s_new_ai_track_028_opus.opus,AI,Opus,new_ai_track_028.mp3,ai_tracks_120s,ai_tracks_120s_new_ai_track_028
ai_tracks_120s_new_ai_track_029_clean.mp3,AI,Clean,new_ai_track_029.mp3,ai_tracks_120s,ai_tracks_120s_new_ai_track_029
ai_tracks_120s_new_ai_track_029_aac.m4a,AI,AAC,new_ai_track_029.mp3,ai_tracks_120s,ai_tracks_120s_new_ai_track_029
ai_tracks_120s_new_ai_track_029_opus.opus,AI,Opus,new_ai_track_029.mp3,ai_tracks_120s,ai_tracks_120s_new_ai_track_029
ai_tracks_120s_new_ai_track_030_clean.mp3,AI,Clean,new_ai_track_030.mp3,ai_tracks_120s,ai_tracks_120s_new_ai_track_030
ai_tracks_120s_new_ai_track_030_aac.m4a,AI,AAC,new_ai_track_030.mp3,ai_tracks_120s,ai_tracks_120s_new_ai_track_030
ai_tracks_120s_new_ai_track_030_opus.opus,AI,Opus,new_ai_track_030.mp3,ai_tracks_120s,ai_tracks_120s_new_ai_track_030
ai_tracks_120s_new_ai_track_031_clean.mp3,AI,Clean,new_ai_track_031.mp3,ai_tracks_120s,ai_tracks_120s_new_ai_track_031
ai_tracks_120s_new_ai_track_031_aac.m4a,AI,AAC,new_ai_track_031.mp3,ai_tracks_120s,ai_tracks_120s_new_ai_track_031
ai_tracks_120s_new_ai_track_031_opus.opus,AI,Opus,new_ai_track_031.mp3,ai_tracks_120s,ai_tracks_120s_new_ai_track_031
ai_tracks_120s_new_ai_track_032_clean.mp3,AI,Clean,new_ai_track_032.mp3,ai_tracks_120s,ai_tracks_120s_new_ai_track_032
ai_tracks_120s_new_ai_track_032_aac.m4a,AI,AAC,new_ai_track_032.mp3,ai_tracks_120s,ai_tracks_120s_new_ai_track_032
ai_tracks_120s_new_ai_track_032_opus.opus,AI,Opus,new_ai_track_032.mp3,ai_tracks_120s,ai_tracks_120s_new_ai_track_032
ai_tracks_120s_new_ai_track_033_clean.mp3,AI,Clean,new_ai_track_033.mp3,ai_tracks_120s,ai_tracks_120s_new_ai_track_033
ai_tracks_120s_new_ai_track_033_aac.m4a,AI,AAC,new_ai_track_033.mp3,ai_tracks_120s,ai_tracks_120s_new_ai_track_033
ai_tracks_120s_new_ai_track_033_opus.opus,AI,Opus,new_ai_track_033.mp3,ai_tracks_120s,ai_tracks_120s_new_ai_track_033
ai_tracks_120s_new_ai_track_034_clean.mp3,AI,Clean,new_ai_track_034.mp3,ai_tracks_120s,ai_tracks_120s_new_ai_track_034
ai_tracks_120s_new_ai_track_034_aac.m4a,AI,AAC,new_ai_track_034.mp3,ai_tracks_120s,ai_tracks_120s_new_ai_track_034
ai_tracks_120s_new_ai_track_034_opus.opus,AI,Opus,new_ai_track_034.mp3,ai_tracks_120s,ai_tracks_120s_new_ai_track_034
ai_tracks_120s_new_ai_track_035_clean.mp3,AI,Clean,new_ai_track_035.mp3,ai_tracks_120s,ai_tracks_120s_new_ai_track_035
ai_tracks_120s_new_ai_track_035_aac.m4a,AI,AAC,new_ai_track_035.mp3,ai_tracks_120s,ai_tracks_120s_new_ai_track_035
ai_tracks_120s_new_ai_track_035_opus.opus,AI,Opus,new_ai_track_035.mp3,ai_tracks_120s,ai_tracks_120s_new_ai_track_035
ai_tracks_120s_new_ai_track_036_clean.mp3,AI,Clean,new_ai_track_036.mp3,ai_tracks_120s,ai_tracks_120s_new_ai_track_036
ai_tracks_120s_new_ai_track_036_aac.m4a,AI,AAC,new_ai_track_036.mp3,ai_tracks_120s,ai_tracks_120s_new_ai_track_036
ai_tracks_120s_new_ai_track_036_opus.opus,AI,Opus,new_ai_track_036.mp3,ai_tracks_120s,ai_tracks_120s_new_ai_track_036
ai_tracks_120s_new_ai_track_037_clean.mp3,AI,Clean,new_ai_track_037.mp3,ai_tracks_120s,ai_tracks_120s_new_ai_track_037
ai_tracks_120s_new_ai_track_037_aac.m4a,AI,AAC,new_ai_track_037.mp3,ai_tracks_120s,ai_tracks_120s_new_ai_track_037
ai_tracks_120s_new_ai_track_037_opus.opus,AI,Opus,new_ai_track_037.mp3,ai_tracks_120s,ai_tracks_120s_new_ai_track_037
ai_tracks_120s_new_ai_track_038_clean.mp3,AI,Clean,new_ai_track_038.mp3,ai_tracks_120s,ai_tracks_120s_new_ai_track_038
ai_tracks_120s_new_ai_track_038_aac.m4a,AI,AAC,new_ai_track_038.mp3,ai_tracks_120s,ai_tracks_120s_new_ai_track_038
ai_tracks_120s_new_ai_track_038_opus.opus,AI,Opus,new_ai_track_038.mp3,ai_tracks_120s,ai_tracks_120s_new_ai_track_038
ai_tracks_120s_new_ai_track_039_clean.mp3,AI,Clean,new_ai_track_039.mp3,ai_tracks_120s,ai_tracks_120s_new_ai_track_039
ai_tracks_120s_new_ai_track_039_aac.m4a,AI,AAC,new_ai_track_039.mp3,ai_tracks_120s,ai_tracks_120s_new_ai_track_039
ai_tracks_120s_new_ai_track_039_opus.opus,AI,Opus,new_ai_track_039.mp3,ai_tracks_120s,ai_tracks_120s_new_ai_track_039
ai_tracks_120s_new_ai_track_040_clean.mp3,AI,Clean,new_ai_track_040.mp3,ai_tracks_120s,ai_tracks_120s_new_ai_track_040
ai_tracks_120s_new_ai_track_040_aac.m4a,AI,AAC,new_ai_track_040.mp3,ai_tracks_120s,ai_tracks_120s_new_ai_track_040
ai_tracks_120s_new_ai_track_040_opus.opus,AI,Opus,new_ai_track_040.mp3,ai_tracks_120s,ai_tracks_120s_new_ai_track_040
ai_tracks_120s_new_ai_track_041_clean.mp3,AI,Clean,new_ai_track_041.mp3,ai_tracks_120s,ai_tracks_120s_new_ai_track_041
ai_tracks_120s_new_ai_track_041_aac.m4a,AI,AAC,new_ai_track_041.mp3,ai_tracks_120s,ai_tracks_120s_new_ai_track_041
ai_tracks_120s_new_ai_track_041_opus.opus,AI,Opus,new_ai_track_041.mp3,ai_tracks_120s,ai_tracks_120s_new_ai_track_041
ai_tracks_120s_new_ai_track_042_clean.mp3,AI,Clean,new_ai_track_042.mp3,ai_tracks_120s,ai_tracks_120s_new_ai_track_042
ai_tracks_120s_new_ai_track_042_aac.m4a,AI,AAC,new_ai_track_042.mp3,ai_tracks_120s,ai_tracks_120s_new_ai_track_042
ai_tracks_120s_new_ai_track_042_opus.opus,AI,Opus,new_ai_track_042.mp3,ai_tracks_120s,ai_tracks_120s_new_ai_track_042
ai_tracks_120s_new_ai_track_043_clean.mp3,AI,Clean,new_ai_track_043.mp3,ai_tracks_120s,ai_tracks_120s_new_ai_track_043
ai_tracks_120s_new_ai_track_043_aac.m4a,AI,AAC,new_ai_track_043.mp3,ai_tracks_120s,ai_tracks_120s_new_ai_track_043
ai_tracks_120s_new_ai_track_043_opus.opus,AI,Opus,new_ai_track_043.mp3,ai_tracks_120s,ai_tracks_120s_new_ai_track_043
ai_tracks_120s_new_ai_track_044_clean.mp3,AI,Clean,new_ai_track_044.mp3,ai_tracks_120s,ai_tracks_120s_new_ai_track_044
ai_tracks_120s_new_ai_track_044_aac.m4a,AI,AAC,new_ai_track_044.mp3,ai_tracks_120s,ai_tracks_120s_new_ai_track_044
ai_tracks_120s_new_ai_track_044_opus.opus,AI,Opus,new_ai_track_044.mp3,ai_tracks_120s,ai_tracks_120s_new_ai_track_044
ai_tracks_120s_new_ai_track_045_clean.mp3,AI,Clean,new_ai_track_045.mp3,ai_tracks_120s,ai_tracks_120s_new_ai_track_045
ai_tracks_120s_new_ai_track_045_aac.m4a,AI,AAC,new_ai_track_045.mp3,ai_tracks_120s,ai_tracks_120s_new_ai_track_045
ai_tracks_120s_new_ai_track_045_opus.opus,AI,Opus,new_ai_track_045.mp3,ai_tracks_120s,ai_tracks_120s_new_ai_track_045
ai_tracks_120s_new_ai_track_046_clean.mp3,AI,Clean,new_ai_track_046.mp3,ai_tracks_120s,ai_tracks_120s_new_ai_track_046
ai_tracks_120s_new_ai_track_046_aac.m4a,AI,AAC,new_ai_track_046.mp3,ai_tracks_120s,ai_tracks_120s_new_ai_track_046
ai_tracks_120s_new_ai_track_046_opus.opus,AI,Opus,new_ai_track_046.mp3,ai_tracks_120s,ai_tracks_120s_new_ai_track_046
ai_tracks_120s_new_ai_track_047_clean.mp3,AI,Clean,new_ai_track_047.mp3,ai_tracks_120s,ai_tracks_120s_new_ai_track_047
ai_tracks_120s_new_ai_track_047_aac.m4a,AI,AAC,new_ai_track_047.mp3,ai_tracks_120s,ai_tracks_120s_new_ai_track_047
ai_tracks_120s_new_ai_track_047_opus.opus,AI,Opus,new_ai_track_047.mp3,ai_tracks_120s,ai_tracks_120s_new_ai_track_047
ai_tracks_120s_new_ai_track_048_clean.mp3,AI,Clean,new_ai_track_048.mp3,ai_tracks_120s,ai_tracks_120s_new_ai_track_048
ai_tracks_120s_new_ai_track_048_aac.m4a,AI,AAC,new_ai_track_048.mp3,ai_tracks_120s,ai_tracks_120s_new_ai_track_048
ai_tracks_120s_new_ai_track_048_opus.opus,AI,Opus,new_ai_track_048.mp3,ai_tracks_120s,ai_tracks_120s_new_ai_track_048
ai_tracks_120s_new_ai_track_049_clean.mp3,AI,Clean,new_ai_track_049.mp3,ai_tracks_120s,ai_tracks_120s_new_ai_track_049
ai_tracks_120s_new_ai_track_049_aac.m4a,AI,AAC,new_ai_track_049.mp3,ai_tracks_120s,ai_tracks_120s_new_ai_track_049
ai_tracks_120s_new_ai_track_049_opus.opus,AI,Opus,new_ai_track_049.mp3,ai_tracks_120s,ai_tracks_120s_new_ai_track_049
ai_tracks_120s_new_ai_track_050_clean.mp3,AI,Clean,new_ai_track_050.mp3,ai_tracks_120s,ai_tracks_120s_new_ai_track_050
ai_tracks_120s_new_ai_track_050_aac.m4a,AI,AAC,new_ai_track_050.mp3,ai_tracks_120s,ai_tracks_120s_new_ai_track_050
ai_tracks_120s_new_ai_track_050_opus.opus,AI,Opus,new_ai_track_050.mp3,ai_tracks_120s,ai_tracks_120s_new_ai_track_050
ai_tracks_120s_new_ai_track_051_clean.mp3,AI,Clean,new_ai_track_051.mp3,ai_tracks_120s,ai_tracks_120s_new_ai_track_051
ai_tracks_120s_new_ai_track_051_aac.m4a,AI,AAC,new_ai_track_051.mp3,ai_tracks_120s,ai_tracks_120s_new_ai_track_051
ai_tracks_120s_new_ai_track_051_opus.opus,AI,Opus,new_ai_track_051.mp3,ai_tracks_120s,ai_tracks_120s_new_ai_track_051
ai_tracks_120s_new_ai_track_052_clean.mp3,AI,Clean,new_ai_track_052.mp3,ai_tracks_120s,ai_tracks_120s_new_ai_track_052
ai_tracks_120s_new_ai_track_052_aac.m4a,AI,AAC,new_ai_track_052.mp3,ai_tracks_120s,ai_tracks_120s_new_ai_track_052
ai_tracks_120s_new_ai_track_052_opus.opus,AI,Opus,new_ai_track_052.mp3,ai_tracks_120s,ai_tracks_120s_new_ai_track_052
ai_tracks_120s_new_ai_track_053_clean.mp3,AI,Clean,new_ai_track_053.mp3,ai_tracks_120s,ai_tracks_120s_new_ai_track_053
ai_tracks_120s_new_ai_track_053_aac.m4a,AI,AAC,new_ai_track_053.mp3,ai_tracks_120s,ai_tracks_120s_new_ai_track_053
ai_tracks_120s_new_ai_track_053_opus.opus,AI,Opus,new_ai_track_053.mp3,ai_tracks_120s,ai_tracks_120s_new_ai_track_053
ai_tracks_120s_new_ai_track_054_clean.mp3,AI,Clean,new_ai_track_054.mp3,ai_tracks_120s,ai_tracks_120s_new_ai_track_054
ai_tracks_120s_new_ai_track_054_aac.m4a,AI,AAC,new_ai_track_054.mp3,ai_tracks_120s,ai_tracks_120s_new_ai_track_054
ai_tracks_120s_new_ai_track_054_opus.opus,AI,Opus,new_ai_track_054.mp3,ai_tracks_120s,ai_tracks_120s_new_ai_track_054
ai_tracks_120s_new_ai_track_055_clean.mp3,AI,Clean,new_ai_track_055.mp3,ai_tracks_120s,ai_tracks_120s_new_ai_track_055
ai_tracks_120s_new_ai_track_055_aac.m4a,AI,AAC,new_ai_track_055.mp3,ai_tracks_120s,ai_tracks_120s_new_ai_track_055
ai_tracks_120s_new_ai_track_055_opus.opus,AI,Opus,new_ai_track_055.mp3,ai_tracks_120s,ai_tracks_120s_new_ai_track_055
ai_tracks_120s_new_ai_track_056_clean.mp3,AI,Clean,new_ai_track_056.mp3,ai_tracks_120s,ai_tracks_120s_new_ai_track_056
ai_tracks_120s_new_ai_track_056_aac.m4a,AI,AAC,new_ai_track_056.mp3,ai_tracks_120s,ai_tracks_120s_new_ai_track_056
ai_tracks_120s_new_ai_track_056_opus.opus,AI,Opus,new_ai_track_056.mp3,ai_tracks_120s,ai_tracks_120s_new_ai_track_056
ai_tracks_120s_new_ai_track_057_clean.mp3,AI,Clean,new_ai_track_057.mp3,ai_tracks_120s,ai_tracks_120s_new_ai_track_057
ai_tracks_120s_new_ai_track_057_aac.m4a,AI,AAC,new_ai_track_057.mp3,ai_tracks_120s,ai_tracks_120s_new_ai_track_057
ai_tracks_120s_new_ai_track_057_opus.opus,AI,Opus,new_ai_track_057.mp3,ai_tracks_120s,ai_tracks_120s_new_ai_track_057
ai_tracks_120s_new_ai_track_058_clean.mp3,AI,Clean,new_ai_track_058.mp3,ai_tracks_120s,ai_tracks_120s_new_ai_track_058
ai_tracks_120s_new_ai_track_058_aac.m4a,AI,AAC,new_ai_track_058.mp3,ai_tracks_120s,ai_tracks_120s_new_ai_track_058
ai_tracks_120s_new_ai_track_058_opus.opus,AI,Opus,new_ai_track_058.mp3,ai_tracks_120s,ai_tracks_120s_new_ai_track_058
ai_tracks_120s_new_ai_track_059_clean.mp3,AI,Clean,new_ai_track_059.mp3,ai_tracks_120s,ai_tracks_120s_new_ai_track_059
ai_tracks_120s_new_ai_track_059_aac.m4a,AI,AAC,new_ai_track_059.mp3,ai_tracks_120s,ai_tracks_120s_new_ai_track_059
ai_tracks_120s_new_ai_track_059_opus.opus,AI,Opus,new_ai_track_059.mp3,ai_tracks_120s,ai_tracks_120s_new_ai_track_059
ai_tracks_120s_new_ai_track_060_clean.mp3,AI,Clean,new_ai_track_060.mp3,ai_tracks_120s,ai_tracks_120s_new_ai_track_060
ai_tracks_120s_new_ai_track_060_aac.m4a,AI,AAC,new_ai_track_060.mp3,ai_tracks_120s,ai_tracks_120s_new_ai_track_060
ai_tracks_120s_new_ai_track_060_opus.opus,AI,Opus,new_ai_track_060.mp3,ai_tracks_120s,ai_tracks_120s_new_ai_track_060
ai_tracks_120s_new_ai_track_061_clean.mp3,AI,Clean,new_ai_track_061.mp3,ai_tracks_120s,ai_tracks_120s_new_ai_track_061
ai_tracks_120s_new_ai_track_061_aac.m4a,AI,AAC,new_ai_track_061.mp3,ai_tracks_120s,ai_tracks_120s_new_ai_track_061
ai_tracks_120s_new_ai_track_061_opus.opus,AI,Opus,new_ai_track_061.mp3,ai_tracks_120s,ai_tracks_120s_new_ai_track_061
ai_tracks_120s_new_ai_track_062_clean.mp3,AI,Clean,new_ai_track_062.mp3,ai_tracks_120s,ai_tracks_120s_new_ai_track_062
ai_tracks_120s_new_ai_track_062_aac.m4a,AI,AAC,new_ai_track_062.mp3,ai_tracks_120s,ai_tracks_120s_new_ai_track_062
ai_tracks_120s_new_ai_track_062_opus.opus,AI,Opus,new_ai_track_062.mp3,ai_tracks_120s,ai_tracks_120s_new_ai_track_062
ai_tracks_120s_new_ai_track_063_clean.mp3,AI,Clean,new_ai_track_063.mp3,ai_tracks_120s,ai_tracks_120s_new_ai_track_063
ai_tracks_120s_new_ai_track_063_aac.m4a,AI,AAC,new_ai_track_063.mp3,ai_tracks_120s,ai_tracks_120s_new_ai_track_063
ai_tracks_120s_new_ai_track_063_opus.opus,AI,Opus,new_ai_track_063.mp3,ai_tracks_120s,ai_tracks_120s_new_ai_track_063
ai_tracks_120s_new_ai_track_064_clean.mp3,AI,Clean,new_ai_track_064.mp3,ai_tracks_120s,ai_tracks_120s_new_ai_track_064
ai_tracks_120s_new_ai_track_064_aac.m4a,AI,AAC,new_ai_track_064.mp3,ai_tracks_120s,ai_tracks_120s_new_ai_track_064
ai_tracks_120s_new_ai_track_064_opus.opus,AI,Opus,new_ai_track_064.mp3,ai_tracks_120s,ai_tracks_120s_new_ai_track_064
ai_tracks_120s_new_ai_track_065_clean.mp3,AI,Clean,new_ai_track_065.mp3,ai_tracks_120s,ai_tracks_120s_new_ai_track_065
ai_tracks_120s_new_ai_track_065_aac.m4a,AI,AAC,new_ai_track_065.mp3,ai_tracks_120s,ai_tracks_120s_new_ai_track_065
ai_tracks_120s_new_ai_track_065_opus.opus,AI,Opus,new_ai_track_065.mp3,ai_tracks_120s,ai_tracks_120s_new_ai_track_065
ai_tracks_120s_new_ai_track_066_clean.mp3,AI,Clean,new_ai_track_066.mp3,ai_tracks_120s,ai_tracks_120s_new_ai_track_066
ai_tracks_120s_new_ai_track_066_aac.m4a,AI,AAC,new_ai_track_066.mp3,ai_tracks_120s,ai_tracks_120s_new_ai_track_066
ai_tracks_120s_new_ai_track_066_opus.opus,AI,Opus,new_ai_track_066.mp3,ai_tracks_120s,ai_tracks_120s_new_ai_track_066
ai_tracks_120s_new_ai_track_067_clean.mp3,AI,Clean,new_ai_track_067.mp3,ai_tracks_120s,ai_tracks_120s_new_ai_track_067
ai_tracks_120s_new_ai_track_067_aac.m4a,AI,AAC,new_ai_track_067.mp3,ai_tracks_120s,ai_tracks_120s_new_ai_track_067
ai_tracks_120s_new_ai_track_067_opus.opus,AI,Opus,new_ai_track_067.mp3,ai_tracks_120s,ai_tracks_120s_new_ai_track_067
ai_tracks_120s_new_ai_track_068_clean.mp3,AI,Clean,new_ai_track_068.mp3,ai_tracks_120s,ai_tracks_120s_new_ai_track_068
ai_tracks_120s_new_ai_track_068_aac.m4a,AI,AAC,new_ai_track_068.mp3,ai_tracks_120s,ai_tracks_120s_new_ai_track_068
ai_tracks_120s_new_ai_track_068_opus.opus,AI,Opus,new_ai_track_068.mp3,ai_tracks_120s,ai_tracks_120s_new_ai_track_068
ai_tracks_120s_new_ai_track_069_clean.mp3,AI,Clean,new_ai_track_069.mp3,ai_tracks_120s,ai_tracks_120s_new_ai_track_069
ai_tracks_120s_new_ai_track_069_aac.m4a,AI,AAC,new_ai_track_069.mp3,ai_tracks_120s,ai_tracks_120s_new_ai_track_069
ai_tracks_120s_new_ai_track_069_opus.opus,AI,Opus,new_ai_track_069.mp3,ai_tracks_120s,ai_tracks_120s_new_ai_track_069
ai_tracks_120s_new_ai_track_070_clean.mp3,AI,Clean,new_ai_track_070.mp3,ai_tracks_120s,ai_tracks_120s_new_ai_track_070
ai_tracks_120s_new_ai_track_070_aac.m4a,AI,AAC,new_ai_track_070.mp3,ai_tracks_120s,ai_tracks_120s_new_ai_track_070
ai_tracks_120s_new_ai_track_070_opus.opus,AI,Opus,new_ai_track_070.mp3,ai_tracks_120s,ai_tracks_120s_new_ai_track_070
ai_tracks_120s_new_ai_track_071_clean.mp3,AI,Clean,new_ai_track_071.mp3,ai_tracks_120s,ai_tracks_120s_new_ai_track_071
ai_tracks_120s_new_ai_track_071_aac.m4a,AI,AAC,new_ai_track_071.mp3,ai_tracks_120s,ai_tracks_120s_new_ai_track_071
ai_tracks_120s_new_ai_track_071_opus.opus,AI,Opus,new_ai_track_071.mp3,ai_tracks_120s,ai_tracks_120s_new_ai_track_071
ai_tracks_120s_new_ai_track_072_clean.mp3,AI,Clean,new_ai_track_072.mp3,ai_tracks_120s,ai_tracks_120s_new_ai_track_072
ai_tracks_120s_new_ai_track_072_aac.m4a,AI,AAC,new_ai_track_072.mp3,ai_tracks_120s,ai_tracks_120s_new_ai_track_072
ai_tracks_120s_new_ai_track_072_opus.opus,AI,Opus,new_ai_track_072.mp3,ai_tracks_120s,ai_tracks_120s_new_ai_track_072
ai_tracks_120s_new_ai_track_073_clean.mp3,AI,Clean,new_ai_track_073.mp3,ai_tracks_120s,ai_tracks_120s_new_ai_track_073
ai_tracks_120s_new_ai_track_073_aac.m4a,AI,AAC,new_ai_track_073.mp3,ai_tracks_120s,ai_tracks_120s_new_ai_track_073
ai_tracks_120s_new_ai_track_073_opus.opus,AI,Opus,new_ai_track_073.mp3,ai_tracks_120s,ai_tracks_120s_new_ai_track_073
ai_tracks_120s_new_ai_track_074_clean.mp3,AI,Clean,new_ai_track_074.mp3,ai_tracks_120s,ai_tracks_120s_new_ai_track_074
ai_tracks_120s_new_ai_track_074_aac.m4a,AI,AAC,new_ai_track_074.mp3,ai_tracks_120s,ai_tracks_120s_new_ai_track_074
ai_tracks_120s_new_ai_track_074_opus.opus,AI,Opus,new_ai_track_074.mp3,ai_tracks_120s,ai_tracks_120s_new_ai_track_074
ai_tracks_120s_new_ai_track_075_clean.mp3,AI,Clean,new_ai_track_075.mp3,ai_tracks_120s,ai_tracks_120s_new_ai_track_075
ai_tracks_120s_new_ai_track_075_aac.m4a,AI,AAC,new_ai_track_075.mp3,ai_tracks_120s,ai_tracks_120s_new_ai_track_075
ai_tracks_120s_new_ai_track_075_opus.opus,AI,Opus,new_ai_track_075.mp3,ai_tracks_120s,ai_tracks_120s_new_ai_track_075
ai_tracks_120s_new_ai_track_076_clean.mp3,AI,Clean,new_ai_track_076.mp3,ai_tracks_120s,ai_tracks_120s_new_ai_track_076
ai_tracks_120s_new_ai_track_076_aac.m4a,AI,AAC,new_ai_track_076.mp3,ai_tracks_120s,ai_tracks_120s_new_ai_track_076
ai_tracks_120s_new_ai_track_076_opus.opus,AI,Opus,new_ai_track_076.mp3,ai_tracks_120s,ai_tracks_120s_new_ai_track_076
ai_tracks_120s_new_ai_track_077_clean.mp3,AI,Clean,new_ai_track_077.mp3,ai_tracks_120s,ai_tracks_120s_new_ai_track_077
ai_tracks_120s_new_ai_track_077_aac.m4a,AI,AAC,new_ai_track_077.mp3,ai_tracks_120s,ai_tracks_120s_new_ai_track_077
ai_tracks_120s_new_ai_track_077_opus.opus,AI,Opus,new_ai_track_077.mp3,ai_tracks_120s,ai_tracks_120s_new_ai_track_077
ai_tracks_120s_new_ai_track_078_clean.mp3,AI,Clean,new_ai_track_078.mp3,ai_tracks_120s,ai_tracks_120s_new_ai_track_078
ai_tracks_120s_new_ai_track_078_aac.m4a,AI,AAC,new_ai_track_078.mp3,ai_tracks_120s,ai_tracks_120s_new_ai_track_078
ai_tracks_120s_new_ai_track_078_opus.opus,AI,Opus,new_ai_track_078.mp3,ai_tracks_120s,ai_tracks_120s_new_ai_track_078
ai_tracks_120s_new_ai_track_079_clean.mp3,AI,Clean,new_ai_track_079.mp3,ai_tracks_120s,ai_tracks_120s_new_ai_track_079
ai_tracks_120s_new_ai_track_079_aac.m4a,AI,AAC,new_ai_track_079.mp3,ai_tracks_120s,ai_tracks_120s_new_ai_track_079
ai_tracks_120s_new_ai_track_079_opus.opus,AI,Opus,new_ai_track_079.mp3,ai_tracks_120s,ai_tracks_120s_new_ai_track_079
ai_tracks_120s_new_ai_track_080_clean.mp3,AI,Clean,new_ai_track_080.mp3,ai_tracks_120s,ai_tracks_120s_new_ai_track_080
ai_tracks_120s_new_ai_track_080_aac.m4a,AI,AAC,new_ai_track_080.mp3,ai_tracks_120s,ai_tracks_120s_new_ai_track_080
ai_tracks_120s_new_ai_track_080_opus.opus,AI,Opus,new_ai_track_080.mp3,ai_tracks_120s,ai_tracks_120s_new_ai_track_080
ai_tracks_120s_new_ai_track_081_clean.mp3,AI,Clean,new_ai_track_081.mp3,ai_tracks_120s,ai_tracks_120s_new_ai_track_081
ai_tracks_120s_new_ai_track_081_aac.m4a,AI,AAC,new_ai_track_081.mp3,ai_tracks_120s,ai_tracks_120s_new_ai_track_081
ai_tracks_120s_new_ai_track_081_opus.opus,AI,Opus,new_ai_track_081.mp3,ai_tracks_120s,ai_tracks_120s_new_ai_track_081
ai_tracks_120s_new_ai_track_082_clean.mp3,AI,Clean,new_ai_track_082.mp3,ai_tracks_120s,ai_tracks_120s_new_ai_track_082
ai_tracks_120s_new_ai_track_082_aac.m4a,AI,AAC,new_ai_track_082.mp3,ai_tracks_120s,ai_tracks_120s_new_ai_track_082
ai_tracks_120s_new_ai_track_082_opus.opus,AI,Opus,new_ai_track_082.mp3,ai_tracks_120s,ai_tracks_120s_new_ai_track_082
ai_tracks_120s_new_ai_track_083_clean.mp3,AI,Clean,new_ai_track_083.mp3,ai_tracks_120s,ai_tracks_120s_new_ai_track_083
ai_tracks_120s_new_ai_track_083_aac.m4a,AI,AAC,new_ai_track_083.mp3,ai_tracks_120s,ai_tracks_120s_new_ai_track_083
ai_tracks_120s_new_ai_track_083_opus.opus,AI,Opus,new_ai_track_083.mp3,ai_tracks_120s,ai_tracks_120s_new_ai_track_083
ai_tracks_120s_new_ai_track_084_clean.mp3,AI,Clean,new_ai_track_084.mp3,ai_tracks_120s,ai_tracks_120s_new_ai_track_084
ai_tracks_120s_new_ai_track_084_aac.m4a,AI,AAC,new_ai_track_084.mp3,ai_tracks_120s,ai_tracks_120s_new_ai_track_084
ai_tracks_120s_new_ai_track_084_opus.opus,AI,Opus,new_ai_track_084.mp3,ai_tracks_120s,ai_tracks_120s_new_ai_track_084
ai_tracks_120s_new_ai_track_085_clean.mp3,AI,Clean,new_ai_track_085.mp3,ai_tracks_120s,ai_tracks_120s_new_ai_track_085
ai_tracks_120s_new_ai_track_085_aac.m4a,AI,AAC,new_ai_track_085.mp3,ai_tracks_120s,ai_tracks_120s_new_ai_track_085
ai_tracks_120s_new_ai_track_085_opus.opus,AI,Opus,new_ai_track_085.mp3,ai_tracks_120s,ai_tracks_120s_new_ai_track_085
ai_tracks_120s_new_ai_track_086_clean.mp3,AI,Clean,new_ai_track_086.mp3,ai_tracks_120s,ai_tracks_120s_new_ai_track_086
ai_tracks_120s_new_ai_track_086_aac.m4a,AI,AAC,new_ai_track_086.mp3,ai_tracks_120s,ai_tracks_120s_new_ai_track_086
ai_tracks_120s_new_ai_track_086_opus.opus,AI,Opus,new_ai_track_086.mp3,ai_tracks_120s,ai_tracks_120s_new_ai_track_086
ai_tracks_120s_new_ai_track_087_clean.mp3,AI,Clean,new_ai_track_087.mp3,ai_tracks_120s,ai_tracks_120s_new_ai_track_087
ai_tracks_120s_new_ai_track_087_aac.m4a,AI,AAC,new_ai_track_087.mp3,ai_tracks_120s,ai_tracks_120s_new_ai_track_087
ai_tracks_120s_new_ai_track_087_opus.opus,AI,Opus,new_ai_track_087.mp3,ai_tracks_120s,ai_tracks_120s_new_ai_track_087
ai_tracks_120s_new_ai_track_088_clean.mp3,AI,Clean,new_ai_track_088.mp3,ai_tracks_120s,ai_tracks_120s_new_ai_track_088
ai_tracks_120s_new_ai_track_088_aac.m4a,AI,AAC,new_ai_track_088.mp3,ai_tracks_120s,ai_tracks_120s_new_ai_track_088
ai_tracks_120s_new_ai_track_088_opus.opus,AI,Opus,new_ai_track_088.mp3,ai_tracks_120s,ai_tracks_120s_new_ai_track_088
ai_tracks_120s_new_ai_track_089_clean.mp3,AI,Clean,new_ai_track_089.mp3,ai_tracks_120s,ai_tracks_120s_new_ai_track_089
ai_tracks_120s_new_ai_track_089_aac.m4a,AI,AAC,new_ai_track_089.mp3,ai_tracks_120s,ai_tracks_120s_new_ai_track_089
ai_tracks_120s_new_ai_track_089_opus.opus,AI,Opus,new_ai_track_089.mp3,ai_tracks_120s,ai_tracks_120s_new_ai_track_089
ai_tracks_120s_new_ai_track_090_clean.mp3,AI,Clean,new_ai_track_090.mp3,ai_tracks_120s,ai_tracks_120s_new_ai_track_090
ai_tracks_120s_new_ai_track_090_aac.m4a,AI,AAC,new_ai_track_090.mp3,ai_tracks_120s,ai_tracks_120s_new_ai_track_090
ai_tracks_120s_new_ai_track_090_opus.opus,AI,Opus,new_ai_track_090.mp3,ai_tracks_120s,ai_tracks_120s_new_ai_track_090
ai_tracks_120s_new_ai_track_091_clean.mp3,AI,Clean,new_ai_track_091.mp3,ai_tracks_120s,ai_tracks_120s_new_ai_track_091
ai_tracks_120s_new_ai_track_091_aac.m4a,AI,AAC,new_ai_track_091.mp3,ai_tracks_120s,ai_tracks_120s_new_ai_track_091
ai_tracks_120s_new_ai_track_091_opus.opus,AI,Opus,new_ai_track_091.mp3,ai_tracks_120s,ai_tracks_120s_new_ai_track_091
ai_tracks_120s_new_ai_track_092_clean.mp3,AI,Clean,new_ai_track_092.mp3,ai_tracks_120s,ai_tracks_120s_new_ai_track_092
ai_tracks_120s_new_ai_track_092_aac.m4a,AI,AAC,new_ai_track_092.mp3,ai_tracks_120s,ai_tracks_120s_new_ai_track_092
ai_tracks_120s_new_ai_track_092_opus.opus,AI,Opus,new_ai_track_092.mp3,ai_tracks_120s,ai_tracks_120s_new_ai_track_092
ai_tracks_120s_new_ai_track_093_clean.mp3,AI,Clean,new_ai_track_093.mp3,ai_tracks_120s,ai_tracks_120s_new_ai_track_093
ai_tracks_120s_new_ai_track_093_aac.m4a,AI,AAC,new_ai_track_093.mp3,ai_tracks_120s,ai_tracks_120s_new_ai_track_093
ai_tracks_120s_new_ai_track_093_opus.opus,AI,Opus,new_ai_track_093.mp3,ai_tracks_120s,ai_tracks_120s_new_ai_track_093
ai_tracks_120s_new_ai_track_094_clean.mp3,AI,Clean,new_ai_track_094.mp3,ai_tracks_120s,ai_tracks_120s_new_ai_track_094
ai_tracks_120s_new_ai_track_094_aac.m4a,AI,AAC,new_ai_track_094.mp3,ai_tracks_120s,ai_tracks_120s_new_ai_track_094
ai_tracks_120s_new_ai_track_094_opus.opus,AI,Opus,new_ai_track_094.mp3,ai_tracks_120s,ai_tracks_120s_new_ai_track_094
ai_tracks_120s_new_ai_track_095_clean.mp3,AI,Clean,new_ai_track_095.mp3,ai_tracks_120s,ai_tracks_120s_new_ai_track_095
ai_tracks_120s_new_ai_track_095_aac.m4a,AI,AAC,new_ai_track_095.mp3,ai_tracks_120s,ai_tracks_120s_new_ai_track_095
ai_tracks_120s_new_ai_track_095_opus.opus,AI,Opus,new_ai_track_095.mp3,ai_tracks_120s,ai_tracks_120s_new_ai_track_095
ai_tracks_120s_new_ai_track_096_clean.mp3,AI,Clean,new_ai_track_096.mp3,ai_tracks_120s,ai_tracks_120s_new_ai_track_096
ai_tracks_120s_new_ai_track_096_aac.m4a,AI,AAC,new_ai_track_096.mp3,ai_tracks_120s,ai_tracks_120s_new_ai_track_096
ai_tracks_120s_new_ai_track_096_opus.opus,AI,Opus,new_ai_track_096.mp3,ai_tracks_120s,ai_tracks_120s_new_ai_track_096
ai_tracks_120s_new_ai_track_097_clean.mp3,AI,Clean,new_ai_track_097.mp3,ai_tracks_120s,ai_tracks_120s_new_ai_track_097
ai_tracks_120s_new_ai_track_097_aac.m4a,AI,AAC,new_ai_track_097.mp3,ai_tracks_120s,ai_tracks_120s_new_ai_track_097
ai_tracks_120s_new_ai_track_097_opus.opus,AI,Opus,new_ai_track_097.mp3,ai_tracks_120s,ai_tracks_120s_new_ai_track_097
ai_tracks_120s_new_ai_track_098_clean.mp3,AI,Clean,new_ai_track_098.mp3,ai_tracks_120s,ai_tracks_120s_new_ai_track_098
ai_tracks_120s_new_ai_track_098_aac.m4a,AI,AAC,new_ai_track_098.mp3,ai_tracks_120s,ai_tracks_120s_new_ai_track_098
ai_tracks_120s_new_ai_track_098_opus.opus,AI,Opus,new_ai_track_098.mp3,ai_tracks_120s,ai_tracks_120s_new_ai_track_098
ai_tracks_120s_new_ai_track_099_clean.mp3,AI,Clean,new_ai_track_099.mp3,ai_tracks_120s,ai_tracks_120s_new_ai_track_099
ai_tracks_120s_new_ai_track_099_aac.m4a,AI,AAC,new_ai_track_099.mp3,ai_tracks_120s,ai_tracks_120s_new_ai_track_099
ai_tracks_120s_new_ai_track_099_opus.opus,AI,Opus,new_ai_track_099.mp3,ai_tracks_120s,ai_tracks_120s_new_ai_track_099
ai_tracks_120s_new_ai_track_100_clean.mp3,AI,Clean,new_ai_track_100.mp3,ai_tracks_120s,ai_tracks_120s_new_ai_track_100
ai_tracks_120s_new_ai_track_100_aac.m4a,AI,AAC,new_ai_track_100.mp3,ai_tracks_120s,ai_tracks_120s_new_ai_track_100
ai_tracks_120s_new_ai_track_100_opus.opus,AI,Opus,new_ai_track_100.mp3,ai_tracks_120s,ai_tracks_120s_new_ai_track_100
new_ai_tracks_10s_aime_track_001_clean.wav,AI,Clean,aime_track_001.wav,new_ai_tracks_10s,new_ai_tracks_10s_aime_track_001
new_ai_tracks_10s_aime_track_001_aac.m4a,AI,AAC,aime_track_001.wav,new_ai_tracks_10s,new_ai_tracks_10s_aime_track_001
new_ai_tracks_10s_aime_track_001_opus.opus,AI,Opus,aime_track_001.wav,new_ai_tracks_10s,new_ai_tracks_10s_aime_track_001
new_ai_tracks_10s_aime_track_002_clean.wav,AI,Clean,aime_track_002.wav,new_ai_tracks_10s,new_ai_tracks_10s_aime_track_002
new_ai_tracks_10s_aime_track_002_aac.m4a,AI,AAC,aime_track_002.wav,new_ai_tracks_10s,new_ai_tracks_10s_aime_track_002
new_ai_tracks_10s_aime_track_002_opus.opus,AI,Opus,aime_track_002.wav,new_ai_tracks_10s,new_ai_tracks_10s_aime_track_002
new_ai_tracks_10s_aime_track_003_clean.wav,AI,Clean,aime_track_003.wav,new_ai_tracks_10s,new_ai_tracks_10s_aime_track_003
new_ai_tracks_10s_aime_track_003_aac.m4a,AI,AAC,aime_track_003.wav,new_ai_tracks_10s,new_ai_tracks_10s_aime_track_003
new_ai_tracks_10s_aime_track_003_opus.opus,AI,Opus,aime_track_003.wav,new_ai_tracks_10s,new_ai_tracks_10s_aime_track_003
new_ai_tracks_10s_aime_track_004_clean.wav,AI,Clean,aime_track_004.wav,new_ai_tracks_10s,new_ai_tracks_10s_aime_track_004
new_ai_tracks_10s_aime_track_004_aac.m4a,AI,AAC,aime_track_004.wav,new_ai_tracks_10s,new_ai_tracks_10s_aime_track_004
new_ai_tracks_10s_aime_track_004_opus.opus,AI,Opus,aime_track_004.wav,new_ai_tracks_10s,new_ai_tracks_10s_aime_track_004
new_ai_tracks_10s_aime_track_005_clean.wav,AI,Clean,aime_track_005.wav,new_ai_tracks_10s,new_ai_tracks_10s_aime_track_005
new_ai_tracks_10s_aime_track_005_aac.m4a,AI,AAC,aime_track_005.wav,new_ai_tracks_10s,new_ai_tracks_10s_aime_track_005
new_ai_tracks_10s_aime_track_005_opus.opus,AI,Opus,aime_track_005.wav,new_ai_tracks_10s,new_ai_tracks_10s_aime_track_005
new_ai_tracks_10s_aime_track_006_clean.wav,AI,Clean,aime_track_006.wav,new_ai_tracks_10s,new_ai_tracks_10s_aime_track_006
new_ai_tracks_10s_aime_track_006_aac.m4a,AI,AAC,aime_track_006.wav,new_ai_tracks_10s,new_ai_tracks_10s_aime_track_006
new_ai_tracks_10s_aime_track_006_opus.opus,AI,Opus,aime_track_006.wav,new_ai_tracks_10s,new_ai_tracks_10s_aime_track_006
new_ai_tracks_10s_aime_track_007_clean.wav,AI,Clean,aime_track_007.wav,new_ai_tracks_10s,new_ai_tracks_10s_aime_track_007
new_ai_tracks_10s_aime_track_007_aac.m4a,AI,AAC,aime_track_007.wav,new_ai_tracks_10s,new_ai_tracks_10s_aime_track_007
new_ai_tracks_10s_aime_track_007_opus.opus,AI,Opus,aime_track_007.wav,new_ai_tracks_10s,new_ai_tracks_10s_aime_track_007
new_ai_tracks_10s_aime_track_008_clean.wav,AI,Clean,aime_track_008.wav,new_ai_tracks_10s,new_ai_tracks_10s_aime_track_008
new_ai_tracks_10s_aime_track_008_aac.m4a,AI,AAC,aime_track_008.wav,new_ai_tracks_10s,new_ai_tracks_10s_aime_track_008
new_ai_tracks_10s_aime_track_008_opus.opus,AI,Opus,aime_track_008.wav,new_ai_tracks_10s,new_ai_tracks_10s_aime_track_008
new_ai_tracks_10s_aime_track_009_clean.wav,AI,Clean,aime_track_009.wav,new_ai_tracks_10s,new_ai_tracks_10s_aime_track_009
new_ai_tracks_10s_aime_track_009_aac.m4a,AI,AAC,aime_track_009.wav,new_ai_tracks_10s,new_ai_tracks_10s_aime_track_009
new_ai_tracks_10s_aime_track_009_opus.opus,AI,Opus,aime_track_009.wav,new_ai_tracks_10s,new_ai_tracks_10s_aime_track_009
new_ai_tracks_10s_aime_track_010_clean.wav,AI,Clean,aime_track_010.wav,new_ai_tracks_10s,new_ai_tracks_10s_aime_track_010
new_ai_tracks_10s_aime_track_010_aac.m4a,AI,AAC,aime_track_010.wav,new_ai_tracks_10s,new_ai_tracks_10s_aime_track_010
new_ai_tracks_10s_aime_track_010_opus.opus,AI,Opus,aime_track_010.wav,new_ai_tracks_10s,new_ai_tracks_10s_aime_track_010
new_ai_tracks_10s_aime_track_011_clean.wav,AI,Clean,aime_track_011.wav,new_ai_tracks_10s,new_ai_tracks_10s_aime_track_011
new_ai_tracks_10s_aime_track_011_aac.m4a,AI,AAC,aime_track_011.wav,new_ai_tracks_10s,new_ai_tracks_10s_aime_track_011
new_ai_tracks_10s_aime_track_011_opus.opus,AI,Opus,aime_track_011.wav,new_ai_tracks_10s,new_ai_tracks_10s_aime_track_011
new_ai_tracks_10s_aime_track_012_clean.wav,AI,Clean,aime_track_012.wav,new_ai_tracks_10s,new_ai_tracks_10s_aime_track_012
new_ai_tracks_10s_aime_track_012_aac.m4a,AI,AAC,aime_track_012.wav,new_ai_tracks_10s,new_ai_tracks_10s_aime_track_012
new_ai_tracks_10s_aime_track_012_opus.opus,AI,Opus,aime_track_012.wav,new_ai_tracks_10s,new_ai_tracks_10s_aime_track_012
new_ai_tracks_10s_aime_track_013_clean.wav,AI,Clean,aime_track_013.wav,new_ai_tracks_10s,new_ai_tracks_10s_aime_track_013
new_ai_tracks_10s_aime_track_013_aac.m4a,AI,AAC,aime_track_013.wav,new_ai_tracks_10s,new_ai_tracks_10s_aime_track_013
new_ai_tracks_10s_aime_track_013_opus.opus,AI,Opus,aime_track_013.wav,new_ai_tracks_10s,new_ai_tracks_10s_aime_track_013
new_ai_tracks_10s_aime_track_014_clean.wav,AI,Clean,aime_track_014.wav,new_ai_tracks_10s,new_ai_tracks_10s_aime_track_014
new_ai_tracks_10s_aime_track_014_aac.m4a,AI,AAC,aime_track_014.wav,new_ai_tracks_10s,new_ai_tracks_10s_aime_track_014
new_ai_tracks_10s_aime_track_014_opus.opus,AI,Opus,aime_track_014.wav,new_ai_tracks_10s,new_ai_tracks_10s_aime_track_014
new_ai_tracks_10s_aime_track_015_clean.wav,AI,Clean,aime_track_015.wav,new_ai_tracks_10s,new_ai_tracks_10s_aime_track_015
new_ai_tracks_10s_aime_track_015_aac.m4a,AI,AAC,aime_track_015.wav,new_ai_tracks_10s,new_ai_tracks_10s_aime_track_015
new_ai_tracks_10s_aime_track_015_opus.opus,AI,Opus,aime_track_015.wav,new_ai_tracks_10s,new_ai_tracks_10s_aime_track_015
new_ai_tracks_10s_aime_track_016_clean.wav,AI,Clean,aime_track_016.wav,new_ai_tracks_10s,new_ai_tracks_10s_aime_track_016
new_ai_tracks_10s_aime_track_016_aac.m4a,AI,AAC,aime_track_016.wav,new_ai_tracks_10s,new_ai_tracks_10s_aime_track_016
new_ai_tracks_10s_aime_track_016_opus.opus,AI,Opus,aime_track_016.wav,new_ai_tracks_10s,new_ai_tracks_10s_aime_track_016
new_ai_tracks_10s_aime_track_017_clean.wav,AI,Clean,aime_track_017.wav,new_ai_tracks_10s,new_ai_tracks_10s_aime_track_017
new_ai_tracks_10s_aime_track_017_aac.m4a,AI,AAC,aime_track_017.wav,new_ai_tracks_10s,new_ai_tracks_10s_aime_track_017
new_ai_tracks_10s_aime_track_017_opus.opus,AI,Opus,aime_track_017.wav,new_ai_tracks_10s,new_ai_tracks_10s_aime_track_017
new_ai_tracks_10s_aime_track_018_clean.wav,AI,Clean,aime_track_018.wav,new_ai_tracks_10s,new_ai_tracks_10s_aime_track_018
new_ai_tracks_10s_aime_track_018_aac.m4a,AI,AAC,aime_track_018.wav,new_ai_tracks_10s,new_ai_tracks_10s_aime_track_018
new_ai_tracks_10s_aime_track_018_opus.opus,AI,Opus,aime_track_018.wav,new_ai_tracks_10s,new_ai_tracks_10s_aime_track_018
new_ai_tracks_10s_aime_track_019_clean.wav,AI,Clean,aime_track_019.wav,new_ai_tracks_10s,new_ai_tracks_10s_aime_track_019
new_ai_tracks_10s_aime_track_019_aac.m4a,AI,AAC,aime_track_019.wav,new_ai_tracks_10s,new_ai_tracks_10s_aime_track_019
new_ai_tracks_10s_aime_track_019_opus.opus,AI,Opus,aime_track_019.wav,new_ai_tracks_10s,new_ai_tracks_10s_aime_track_019
new_ai_tracks_10s_aime_track_020_clean.wav,AI,Clean,aime_track_020.wav,new_ai_tracks_10s,new_ai_tracks_10s_aime_track_020
new_ai_tracks_10s_aime_track_020_aac.m4a,AI,AAC,aime_track_020.wav,new_ai_tracks_10s,new_ai_tracks_10s_aime_track_020
new_ai_tracks_10s_aime_track_020_opus.opus,AI,Opus,aime_track_020.wav,new_ai_tracks_10s,new_ai_tracks_10s_aime_track_020
new_ai_tracks_10s_aime_track_021_clean.wav,AI,Clean,aime_track_021.wav,new_ai_tracks_10s,new_ai_tracks_10s_aime_track_021
new_ai_tracks_10s_aime_track_021_aac.m4a,AI,AAC,aime_track_021.wav,new_ai_tracks_10s,new_ai_tracks_10s_aime_track_021
new_ai_tracks_10s_aime_track_021_opus.opus,AI,Opus,aime_track_021.wav,new_ai_tracks_10s,new_ai_tracks_10s_aime_track_021
new_ai_tracks_10s_aime_track_022_clean.wav,AI,Clean,aime_track_022.wav,new_ai_tracks_10s,new_ai_tracks_10s_aime_track_022
new_ai_tracks_10s_aime_track_022_aac.m4a,AI,AAC,aime_track_022.wav,new_ai_tracks_10s,new_ai_tracks_10s_aime_track_022
new_ai_tracks_10s_aime_track_022_opus.opus,AI,Opus,aime_track_022.wav,new_ai_tracks_10s,new_ai_tracks_10s_aime_track_022
new_ai_tracks_10s_aime_track_023_clean.wav,AI,Clean,aime_track_023.wav,new_ai_tracks_10s,new_ai_tracks_10s_aime_track_023
new_ai_tracks_10s_aime_track_023_aac.m4a,AI,AAC,aime_track_023.wav,new_ai_tracks_10s,new_ai_tracks_10s_aime_track_023
new_ai_tracks_10s_aime_track_023_opus.opus,AI,Opus,aime_track_023.wav,new_ai_tracks_10s,new_ai_tracks_10s_aime_track_023
new_ai_tracks_10s_aime_track_024_clean.wav,AI,Clean,aime_track_024.wav,new_ai_tracks_10s,new_ai_tracks_10s_aime_track_024
new_ai_tracks_10s_aime_track_024_aac.m4a,AI,AAC,aime_track_024.wav,new_ai_tracks_10s,new_ai_tracks_10s_aime_track_024
new_ai_tracks_10s_aime_track_024_opus.opus,AI,Opus,aime_track_024.wav,new_ai_tracks_10s,new_ai_tracks_10s_aime_track_024
new_ai_tracks_10s_aime_track_025_clean.wav,AI,Clean,aime_track_025.wav,new_ai_tracks_10s,new_ai_tracks_10s_aime_track_025
new_ai_tracks_10s_aime_track_025_aac.m4a,AI,AAC,aime_track_025.wav,new_ai_tracks_10s,new_ai_tracks_10s_aime_track_025
new_ai_tracks_10s_aime_track_025_opus.opus,AI,Opus,aime_track_025.wav,new_ai_tracks_10s,new_ai_tracks_10s_aime_track_025
new_ai_tracks_10s_aime_track_026_clean.wav,AI,Clean,aime_track_026.wav,new_ai_tracks_10s,new_ai_tracks_10s_aime_track_026
new_ai_tracks_10s_aime_track_026_aac.m4a,AI,AAC,aime_track_026.wav,new_ai_tracks_10s,new_ai_tracks_10s_aime_track_026
new_ai_tracks_10s_aime_track_026_opus.opus,AI,Opus,aime_track_026.wav,new_ai_tracks_10s,new_ai_tracks_10s_aime_track_026
new_ai_tracks_10s_aime_track_027_clean.wav,AI,Clean,aime_track_027.wav,new_ai_tracks_10s,new_ai_tracks_10s_aime_track_027
new_ai_tracks_10s_aime_track_027_aac.m4a,AI,AAC,aime_track_027.wav,new_ai_tracks_10s,new_ai_tracks_10s_aime_track_027
new_ai_tracks_10s_aime_track_027_opus.opus,AI,Opus,aime_track_027.wav,new_ai_tracks_10s,new_ai_tracks_10s_aime_track_027
new_ai_tracks_10s_aime_track_028_clean.wav,AI,Clean,aime_track_028.wav,new_ai_tracks_10s,new_ai_tracks_10s_aime_track_028
new_ai_tracks_10s_aime_track_028_aac.m4a,AI,AAC,aime_track_028.wav,new_ai_tracks_10s,new_ai_tracks_10s_aime_track_028
new_ai_tracks_10s_aime_track_028_opus.opus,AI,Opus,aime_track_028.wav,new_ai_tracks_10s,new_ai_tracks_10s_aime_track_028
new_ai_tracks_10s_aime_track_029_clean.wav,AI,Clean,aime_track_029.wav,new_ai_tracks_10s,new_ai_tracks_10s_aime_track_029
new_ai_tracks_10s_aime_track_029_aac.m4a,AI,AAC,aime_track_029.wav,new_ai_tracks_10s,new_ai_tracks_10s_aime_track_029
new_ai_tracks_10s_aime_track_029_opus.opus,AI,Opus,aime_track_029.wav,new_ai_tracks_10s,new_ai_tracks_10s_aime_track_029
new_ai_tracks_10s_aime_track_030_clean.wav,AI,Clean,aime_track_030.wav,new_ai_tracks_10s,new_ai_tracks_10s_aime_track_030
new_ai_tracks_10s_aime_track_030_aac.m4a,AI,AAC,aime_track_030.wav,new_ai_tracks_10s,new_ai_tracks_10s_aime_track_030
new_ai_tracks_10s_aime_track_030_opus.opus,AI,Opus,aime_track_030.wav,new_ai_tracks_10s,new_ai_tracks_10s_aime_track_030
new_ai_tracks_10s_aime_track_031_clean.wav,AI,Clean,aime_track_031.wav,new_ai_tracks_10s,new_ai_tracks_10s_aime_track_031
new_ai_tracks_10s_aime_track_031_aac.m4a,AI,AAC,aime_track_031.wav,new_ai_tracks_10s,new_ai_tracks_10s_aime_track_031
new_ai_tracks_10s_aime_track_031_opus.opus,AI,Opus,aime_track_031.wav,new_ai_tracks_10s,new_ai_tracks_10s_aime_track_031
new_ai_tracks_10s_aime_track_032_clean.wav,AI,Clean,aime_track_032.wav,new_ai_tracks_10s,new_ai_tracks_10s_aime_track_032
new_ai_tracks_10s_aime_track_032_aac.m4a,AI,AAC,aime_track_032.wav,new_ai_tracks_10s,new_ai_tracks_10s_aime_track_032
new_ai_tracks_10s_aime_track_032_opus.opus,AI,Opus,aime_track_032.wav,new_ai_tracks_10s,new_ai_tracks_10s_aime_track_032
new_ai_tracks_10s_aime_track_033_clean.wav,AI,Clean,aime_track_033.wav,new_ai_tracks_10s,new_ai_tracks_10s_aime_track_033
new_ai_tracks_10s_aime_track_033_aac.m4a,AI,AAC,aime_track_033.wav,new_ai_tracks_10s,new_ai_tracks_10s_aime_track_033
new_ai_tracks_10s_aime_track_033_opus.opus,AI,Opus,aime_track_033.wav,new_ai_tracks_10s,new_ai_tracks_10s_aime_track_033
new_ai_tracks_10s_aime_track_034_clean.wav,AI,Clean,aime_track_034.wav,new_ai_tracks_10s,new_ai_tracks_10s_aime_track_034
new_ai_tracks_10s_aime_track_034_aac.m4a,AI,AAC,aime_track_034.wav,new_ai_tracks_10s,new_ai_tracks_10s_aime_track_034
new_ai_tracks_10s_aime_track_034_opus.opus,AI,Opus,aime_track_034.wav,new_ai_tracks_10s,new_ai_tracks_10s_aime_track_034
new_ai_tracks_10s_aime_track_035_clean.wav,AI,Clean,aime_track_035.wav,new_ai_tracks_10s,new_ai_tracks_10s_aime_track_035
new_ai_tracks_10s_aime_track_035_aac.m4a,AI,AAC,aime_track_035.wav,new_ai_tracks_10s,new_ai_tracks_10s_aime_track_035
new_ai_tracks_10s_aime_track_035_opus.opus,AI,Opus,aime_track_035.wav,new_ai_tracks_10s,new_ai_tracks_10s_aime_track_035
new_ai_tracks_10s_aime_track_036_clean.wav,AI,Clean,aime_track_036.wav,new_ai_tracks_10s,new_ai_tracks_10s_aime_track_036
new_ai_tracks_10s_aime_track_036_aac.m4a,AI,AAC,aime_track_036.wav,new_ai_tracks_10s,new_ai_tracks_10s_aime_track_036
new_ai_tracks_10s_aime_track_036_opus.opus,AI,Opus,aime_track_036.wav,new_ai_tracks_10s,new_ai_tracks_10s_aime_track_036
new_ai_tracks_10s_aime_track_037_clean.wav,AI,Clean,aime_track_037.wav,new_ai_tracks_10s,new_ai_tracks_10s_aime_track_037
new_ai_tracks_10s_aime_track_037_aac.m4a,AI,AAC,aime_track_037.wav,new_ai_tracks_10s,new_ai_tracks_10s_aime_track_037
new_ai_tracks_10s_aime_track_037_opus.opus,AI,Opus,aime_track_037.wav,new_ai_tracks_10s,new_ai_tracks_10s_aime_track_037
new_ai_tracks_10s_aime_track_038_clean.wav,AI,Clean,aime_track_038.wav,new_ai_tracks_10s,new_ai_tracks_10s_aime_track_038
new_ai_tracks_10s_aime_track_038_aac.m4a,AI,AAC,aime_track_038.wav,new_ai_tracks_10s,new_ai_tracks_10s_aime_track_038
new_ai_tracks_10s_aime_track_038_opus.opus,AI,Opus,aime_track_038.wav,new_ai_tracks_10s,new_ai_tracks_10s_aime_track_038
new_ai_tracks_10s_aime_track_039_clean.wav,AI,Clean,aime_track_039.wav,new_ai_tracks_10s,new_ai_tracks_10s_aime_track_039
new_ai_tracks_10s_aime_track_039_aac.m4a,AI,AAC,aime_track_039.wav,new_ai_tracks_10s,new_ai_tracks_10s_aime_track_039
new_ai_tracks_10s_aime_track_039_opus.opus,AI,Opus,aime_track_039.wav,new_ai_tracks_10s,new_ai_tracks_10s_aime_track_039
new_ai_tracks_10s_aime_track_040_clean.wav,AI,Clean,aime_track_040.wav,new_ai_tracks_10s,new_ai_tracks_10s_aime_track_040
new_ai_tracks_10s_aime_track_040_aac.m4a,AI,AAC,aime_track_040.wav,new_ai_tracks_10s,new_ai_tracks_10s_aime_track_040
new_ai_tracks_10s_aime_track_040_opus.opus,AI,Opus,aime_track_040.wav,new_ai_tracks_10s,new_ai_tracks_10s_aime_track_040
new_ai_tracks_10s_aime_track_041_clean.wav,AI,Clean,aime_track_041.wav,new_ai_tracks_10s,new_ai_tracks_10s_aime_track_041
new_ai_tracks_10s_aime_track_041_aac.m4a,AI,AAC,aime_track_041.wav,new_ai_tracks_10s,new_ai_tracks_10s_aime_track_041
new_ai_tracks_10s_aime_track_041_opus.opus,AI,Opus,aime_track_041.wav,new_ai_tracks_10s,new_ai_tracks_10s_aime_track_041
new_ai_tracks_10s_aime_track_042_clean.wav,AI,Clean,aime_track_042.wav,new_ai_tracks_10s,new_ai_tracks_10s_aime_track_042
new_ai_tracks_10s_aime_track_042_aac.m4a,AI,AAC,aime_track_042.wav,new_ai_tracks_10s,new_ai_tracks_10s_aime_track_042
new_ai_tracks_10s_aime_track_042_opus.opus,AI,Opus,aime_track_042.wav,new_ai_tracks_10s,new_ai_tracks_10s_aime_track_042
new_ai_tracks_10s_aime_track_043_clean.wav,AI,Clean,aime_track_043.wav,new_ai_tracks_10s,new_ai_tracks_10s_aime_track_043
new_ai_tracks_10s_aime_track_043_aac.m4a,AI,AAC,aime_track_043.wav,new_ai_tracks_10s,new_ai_tracks_10s_aime_track_043
new_ai_tracks_10s_aime_track_043_opus.opus,AI,Opus,aime_track_043.wav,new_ai_tracks_10s,new_ai_tracks_10s_aime_track_043
new_ai_tracks_10s_aime_track_044_clean.wav,AI,Clean,aime_track_044.wav,new_ai_tracks_10s,new_ai_tracks_10s_aime_track_044
new_ai_tracks_10s_aime_track_044_aac.m4a,AI,AAC,aime_track_044.wav,new_ai_tracks_10s,new_ai_tracks_10s_aime_track_044
new_ai_tracks_10s_aime_track_044_opus.opus,AI,Opus,aime_track_044.wav,new_ai_tracks_10s,new_ai_tracks_10s_aime_track_044
new_ai_tracks_10s_aime_track_045_clean.wav,AI,Clean,aime_track_045.wav,new_ai_tracks_10s,new_ai_tracks_10s_aime_track_045
new_ai_tracks_10s_aime_track_045_aac.m4a,AI,AAC,aime_track_045.wav,new_ai_tracks_10s,new_ai_tracks_10s_aime_track_045
new_ai_tracks_10s_aime_track_045_opus.opus,AI,Opus,aime_track_045.wav,new_ai_tracks_10s,new_ai_tracks_10s_aime_track_045
new_ai_tracks_10s_aime_track_046_clean.wav,AI,Clean,aime_track_046.wav,new_ai_tracks_10s,new_ai_tracks_10s_aime_track_046
new_ai_tracks_10s_aime_track_046_aac.m4a,AI,AAC,aime_track_046.wav,new_ai_tracks_10s,new_ai_tracks_10s_aime_track_046
new_ai_tracks_10s_aime_track_046_opus.opus,AI,Opus,aime_track_046.wav,new_ai_tracks_10s,new_ai_tracks_10s_aime_track_046
new_ai_tracks_10s_aime_track_047_clean.wav,AI,Clean,aime_track_047.wav,new_ai_tracks_10s,new_ai_tracks_10s_aime_track_047
new_ai_tracks_10s_aime_track_047_aac.m4a,AI,AAC,aime_track_047.wav,new_ai_tracks_10s,new_ai_tracks_10s_aime_track_047
new_ai_tracks_10s_aime_track_047_opus.opus,AI,Opus,aime_track_047.wav,new_ai_tracks_10s,new_ai_tracks_10s_aime_track_047
new_ai_tracks_10s_aime_track_048_clean.wav,AI,Clean,aime_track_048.wav,new_ai_tracks_10s,new_ai_tracks_10s_aime_track_048
new_ai_tracks_10s_aime_track_048_aac.m4a,AI,AAC,aime_track_048.wav,new_ai_tracks_10s,new_ai_tracks_10s_aime_track_048
new_ai_tracks_10s_aime_track_048_opus.opus,AI,Opus,aime_track_048.wav,new_ai_tracks_10s,new_ai_tracks_10s_aime_track_048
new_ai_tracks_10s_aime_track_049_clean.wav,AI,Clean,aime_track_049.wav,new_ai_tracks_10s,new_ai_tracks_10s_aime_track_049
new_ai_tracks_10s_aime_track_049_aac.m4a,AI,AAC,aime_track_049.wav,new_ai_tracks_10s,new_ai_tracks_10s_aime_track_049
new_ai_tracks_10s_aime_track_049_opus.opus,AI,Opus,aime_track_049.wav,new_ai_tracks_10s,new_ai_tracks_10s_aime_track_049
new_ai_tracks_10s_aime_track_050_clean.wav,AI,Clean,aime_track_050.wav,new_ai_tracks_10s,new_ai_tracks_10s_aime_track_050
new_ai_tracks_10s_aime_track_050_aac.m4a,AI,AAC,aime_track_050.wav,new_ai_tracks_10s,new_ai_tracks_10s_aime_track_050
new_ai_tracks_10s_aime_track_050_opus.opus,AI,Opus,aime_track_050.wav,new_ai_tracks_10s,new_ai_tracks_10s_aime_track_050
new_ai_tracks_10s_aime_track_051_clean.wav,AI,Clean,aime_track_051.wav,new_ai_tracks_10s,new_ai_tracks_10s_aime_track_051
new_ai_tracks_10s_aime_track_051_aac.m4a,AI,AAC,aime_track_051.wav,new_ai_tracks_10s,new_ai_tracks_10s_aime_track_051
new_ai_tracks_10s_aime_track_051_opus.opus,AI,Opus,aime_track_051.wav,new_ai_tracks_10s,new_ai_tracks_10s_aime_track_051
new_ai_tracks_10s_aime_track_052_clean.wav,AI,Clean,aime_track_052.wav,new_ai_tracks_10s,new_ai_tracks_10s_aime_track_052
new_ai_tracks_10s_aime_track_052_aac.m4a,AI,AAC,aime_track_052.wav,new_ai_tracks_10s,new_ai_tracks_10s_aime_track_052
new_ai_tracks_10s_aime_track_052_opus.opus,AI,Opus,aime_track_052.wav,new_ai_tracks_10s,new_ai_tracks_10s_aime_track_052
new_ai_tracks_10s_aime_track_053_clean.wav,AI,Clean,aime_track_053.wav,new_ai_tracks_10s,new_ai_tracks_10s_aime_track_053
new_ai_tracks_10s_aime_track_053_aac.m4a,AI,AAC,aime_track_053.wav,new_ai_tracks_10s,new_ai_tracks_10s_aime_track_053
new_ai_tracks_10s_aime_track_053_opus.opus,AI,Opus,aime_track_053.wav,new_ai_tracks_10s,new_ai_tracks_10s_aime_track_053
new_ai_tracks_10s_aime_track_054_clean.wav,AI,Clean,aime_track_054.wav,new_ai_tracks_10s,new_ai_tracks_10s_aime_track_054
new_ai_tracks_10s_aime_track_054_aac.m4a,AI,AAC,aime_track_054.wav,new_ai_tracks_10s,new_ai_tracks_10s_aime_track_054
new_ai_tracks_10s_aime_track_054_opus.opus,AI,Opus,aime_track_054.wav,new_ai_tracks_10s,new_ai_tracks_10s_aime_track_054
new_ai_tracks_10s_aime_track_055_clean.wav,AI,Clean,aime_track_055.wav,new_ai_tracks_10s,new_ai_tracks_10s_aime_track_055
new_ai_tracks_10s_aime_track_055_aac.m4a,AI,AAC,aime_track_055.wav,new_ai_tracks_10s,new_ai_tracks_10s_aime_track_055
new_ai_tracks_10s_aime_track_055_opus.opus,AI,Opus,aime_track_055.wav,new_ai_tracks_10s,new_ai_tracks_10s_aime_track_055
new_ai_tracks_10s_aime_track_056_clean.wav,AI,Clean,aime_track_056.wav,new_ai_tracks_10s,new_ai_tracks_10s_aime_track_056
new_ai_tracks_10s_aime_track_056_aac.m4a,AI,AAC,aime_track_056.wav,new_ai_tracks_10s,new_ai_tracks_10s_aime_track_056
new_ai_tracks_10s_aime_track_056_opus.opus,AI,Opus,aime_track_056.wav,new_ai_tracks_10s,new_ai_tracks_10s_aime_track_056
new_ai_tracks_10s_aime_track_057_clean.wav,AI,Clean,aime_track_057.wav,new_ai_tracks_10s,new_ai_tracks_10s_aime_track_057
new_ai_tracks_10s_aime_track_057_aac.m4a,AI,AAC,aime_track_057.wav,new_ai_tracks_10s,new_ai_tracks_10s_aime_track_057
new_ai_tracks_10s_aime_track_057_opus.opus,AI,Opus,aime_track_057.wav,new_ai_tracks_10s,new_ai_tracks_10s_aime_track_057
new_ai_tracks_10s_aime_track_058_clean.wav,AI,Clean,aime_track_058.wav,new_ai_tracks_10s,new_ai_tracks_10s_aime_track_058
new_ai_tracks_10s_aime_track_058_aac.m4a,AI,AAC,aime_track_058.wav,new_ai_tracks_10s,new_ai_tracks_10s_aime_track_058
new_ai_tracks_10s_aime_track_058_opus.opus,AI,Opus,aime_track_058.wav,new_ai_tracks_10s,new_ai_tracks_10s_aime_track_058
new_ai_tracks_10s_aime_track_059_clean.wav,AI,Clean,aime_track_059.wav,new_ai_tracks_10s,new_ai_tracks_10s_aime_track_059
new_ai_tracks_10s_aime_track_059_aac.m4a,AI,AAC,aime_track_059.wav,new_ai_tracks_10s,new_ai_tracks_10s_aime_track_059
new_ai_tracks_10s_aime_track_059_opus.opus,AI,Opus,aime_track_059.wav,new_ai_tracks_10s,new_ai_tracks_10s_aime_track_059
new_ai_tracks_10s_aime_track_060_clean.wav,AI,Clean,aime_track_060.wav,new_ai_tracks_10s,new_ai_tracks_10s_aime_track_060
new_ai_tracks_10s_aime_track_060_aac.m4a,AI,AAC,aime_track_060.wav,new_ai_tracks_10s,new_ai_tracks_10s_aime_track_060
new_ai_tracks_10s_aime_track_060_opus.opus,AI,Opus,aime_track_060.wav,new_ai_tracks_10s,new_ai_tracks_10s_aime_track_060
new_ai_tracks_10s_aime_track_061_clean.wav,AI,Clean,aime_track_061.wav,new_ai_tracks_10s,new_ai_tracks_10s_aime_track_061
new_ai_tracks_10s_aime_track_061_aac.m4a,AI,AAC,aime_track_061.wav,new_ai_tracks_10s,new_ai_tracks_10s_aime_track_061
new_ai_tracks_10s_aime_track_061_opus.opus,AI,Opus,aime_track_061.wav,new_ai_tracks_10s,new_ai_tracks_10s_aime_track_061
new_ai_tracks_10s_aime_track_062_clean.wav,AI,Clean,aime_track_062.wav,new_ai_tracks_10s,new_ai_tracks_10s_aime_track_062
new_ai_tracks_10s_aime_track_062_aac.m4a,AI,AAC,aime_track_062.wav,new_ai_tracks_10s,new_ai_tracks_10s_aime_track_062
new_ai_tracks_10s_aime_track_062_opus.opus,AI,Opus,aime_track_062.wav,new_ai_tracks_10s,new_ai_tracks_10s_aime_track_062
new_ai_tracks_10s_aime_track_063_clean.wav,AI,Clean,aime_track_063.wav,new_ai_tracks_10s,new_ai_tracks_10s_aime_track_063
new_ai_tracks_10s_aime_track_063_aac.m4a,AI,AAC,aime_track_063.wav,new_ai_tracks_10s,new_ai_tracks_10s_aime_track_063
new_ai_tracks_10s_aime_track_063_opus.opus,AI,Opus,aime_track_063.wav,new_ai_tracks_10s,new_ai_tracks_10s_aime_track_063
new_ai_tracks_10s_aime_track_064_clean.wav,AI,Clean,aime_track_064.wav,new_ai_tracks_10s,new_ai_tracks_10s_aime_track_064
new_ai_tracks_10s_aime_track_064_aac.m4a,AI,AAC,aime_track_064.wav,new_ai_tracks_10s,new_ai_tracks_10s_aime_track_064
new_ai_tracks_10s_aime_track_064_opus.opus,AI,Opus,aime_track_064.wav,new_ai_tracks_10s,new_ai_tracks_10s_aime_track_064
new_ai_tracks_10s_aime_track_065_clean.wav,AI,Clean,aime_track_065.wav,new_ai_tracks_10s,new_ai_tracks_10s_aime_track_065
new_ai_tracks_10s_aime_track_065_aac.m4a,AI,AAC,aime_track_065.wav,new_ai_tracks_10s,new_ai_tracks_10s_aime_track_065
new_ai_tracks_10s_aime_track_065_opus.opus,AI,Opus,aime_track_065.wav,new_ai_tracks_10s,new_ai_tracks_10s_aime_track_065
new_ai_tracks_10s_aime_track_066_clean.wav,AI,Clean,aime_track_066.wav,new_ai_tracks_10s,new_ai_tracks_10s_aime_track_066
new_ai_tracks_10s_aime_track_066_aac.m4a,AI,AAC,aime_track_066.wav,new_ai_tracks_10s,new_ai_tracks_10s_aime_track_066
new_ai_tracks_10s_aime_track_066_opus.opus,AI,Opus,aime_track_066.wav,new_ai_tracks_10s,new_ai_tracks_10s_aime_track_066
new_ai_tracks_10s_aime_track_067_clean.wav,AI,Clean,aime_track_067.wav,new_ai_tracks_10s,new_ai_tracks_10s_aime_track_067
new_ai_tracks_10s_aime_track_067_aac.m4a,AI,AAC,aime_track_067.wav,new_ai_tracks_10s,new_ai_tracks_10s_aime_track_067
new_ai_tracks_10s_aime_track_067_opus.opus,AI,Opus,aime_track_067.wav,new_ai_tracks_10s,new_ai_tracks_10s_aime_track_067
new_ai_tracks_10s_aime_track_068_clean.wav,AI,Clean,aime_track_068.wav,new_ai_tracks_10s,new_ai_tracks_10s_aime_track_068
new_ai_tracks_10s_aime_track_068_aac.m4a,AI,AAC,aime_track_068.wav,new_ai_tracks_10s,new_ai_tracks_10s_aime_track_068
new_ai_tracks_10s_aime_track_068_opus.opus,AI,Opus,aime_track_068.wav,new_ai_tracks_10s,new_ai_tracks_10s_aime_track_068
new_ai_tracks_10s_aime_track_069_clean.wav,AI,Clean,aime_track_069.wav,new_ai_tracks_10s,new_ai_tracks_10s_aime_track_069
new_ai_tracks_10s_aime_track_069_aac.m4a,AI,AAC,aime_track_069.wav,new_ai_tracks_10s,new_ai_tracks_10s_aime_track_069
new_ai_tracks_10s_aime_track_069_opus.opus,AI,Opus,aime_track_069.wav,new_ai_tracks_10s,new_ai_tracks_10s_aime_track_069
new_ai_tracks_10s_aime_track_070_clean.wav,AI,Clean,aime_track_070.wav,new_ai_tracks_10s,new_ai_tracks_10s_aime_track_070
new_ai_tracks_10s_aime_track_070_aac.m4a,AI,AAC,aime_track_070.wav,new_ai_tracks_10s,new_ai_tracks_10s_aime_track_070
new_ai_tracks_10s_aime_track_070_opus.opus,AI,Opus,aime_track_070.wav,new_ai_tracks_10s,new_ai_tracks_10s_aime_track_070
new_ai_tracks_10s_aime_track_071_clean.wav,AI,Clean,aime_track_071.wav,new_ai_tracks_10s,new_ai_tracks_10s_aime_track_071
new_ai_tracks_10s_aime_track_071_aac.m4a,AI,AAC,aime_track_071.wav,new_ai_tracks_10s,new_ai_tracks_10s_aime_track_071
new_ai_tracks_10s_aime_track_071_opus.opus,AI,Opus,aime_track_071.wav,new_ai_tracks_10s,new_ai_tracks_10s_aime_track_071
new_ai_tracks_10s_aime_track_072_clean.wav,AI,Clean,aime_track_072.wav,new_ai_tracks_10s,new_ai_tracks_10s_aime_track_072
new_ai_tracks_10s_aime_track_072_aac.m4a,AI,AAC,aime_track_072.wav,new_ai_tracks_10s,new_ai_tracks_10s_aime_track_072
new_ai_tracks_10s_aime_track_072_opus.opus,AI,Opus,aime_track_072.wav,new_ai_tracks_10s,new_ai_tracks_10s_aime_track_072
new_ai_tracks_10s_aime_track_073_clean.wav,AI,Clean,aime_track_073.wav,new_ai_tracks_10s,new_ai_tracks_10s_aime_track_073
new_ai_tracks_10s_aime_track_073_aac.m4a,AI,AAC,aime_track_073.wav,new_ai_tracks_10s,new_ai_tracks_10s_aime_track_073
new_ai_tracks_10s_aime_track_073_opus.opus,AI,Opus,aime_track_073.wav,new_ai_tracks_10s,new_ai_tracks_10s_aime_track_073
new_ai_tracks_10s_aime_track_074_clean.wav,AI,Clean,aime_track_074.wav,new_ai_tracks_10s,new_ai_tracks_10s_aime_track_074
new_ai_tracks_10s_aime_track_074_aac.m4a,AI,AAC,aime_track_074.wav,new_ai_tracks_10s,new_ai_tracks_10s_aime_track_074
new_ai_tracks_10s_aime_track_074_opus.opus,AI,Opus,aime_track_074.wav,new_ai_tracks_10s,new_ai_tracks_10s_aime_track_074
new_ai_tracks_10s_aime_track_075_clean.wav,AI,Clean,aime_track_075.wav,new_ai_tracks_10s,new_ai_tracks_10s_aime_track_075
new_ai_tracks_10s_aime_track_075_aac.m4a,AI,AAC,aime_track_075.wav,new_ai_tracks_10s,new_ai_tracks_10s_aime_track_075
new_ai_tracks_10s_aime_track_075_opus.opus,AI,Opus,aime_track_075.wav,new_ai_tracks_10s,new_ai_tracks_10s_aime_track_075
new_ai_tracks_10s_aime_track_076_clean.wav,AI,Clean,aime_track_076.wav,new_ai_tracks_10s,new_ai_tracks_10s_aime_track_076
new_ai_tracks_10s_aime_track_076_aac.m4a,AI,AAC,aime_track_076.wav,new_ai_tracks_10s,new_ai_tracks_10s_aime_track_076
new_ai_tracks_10s_aime_track_076_opus.opus,AI,Opus,aime_track_076.wav,new_ai_tracks_10s,new_ai_tracks_10s_aime_track_076
new_ai_tracks_10s_aime_track_077_clean.wav,AI,Clean,aime_track_077.wav,new_ai_tracks_10s,new_ai_tracks_10s_aime_track_077
new_ai_tracks_10s_aime_track_077_aac.m4a,AI,AAC,aime_track_077.wav,new_ai_tracks_10s,new_ai_tracks_10s_aime_track_077
new_ai_tracks_10s_aime_track_077_opus.opus,AI,Opus,aime_track_077.wav,new_ai_tracks_10s,new_ai_tracks_10s_aime_track_077
new_ai_tracks_10s_aime_track_078_clean.wav,AI,Clean,aime_track_078.wav,new_ai_tracks_10s,new_ai_tracks_10s_aime_track_078
new_ai_tracks_10s_aime_track_078_aac.m4a,AI,AAC,aime_track_078.wav,new_ai_tracks_10s,new_ai_tracks_10s_aime_track_078
new_ai_tracks_10s_aime_track_078_opus.opus,AI,Opus,aime_track_078.wav,new_ai_tracks_10s,new_ai_tracks_10s_aime_track_078
new_ai_tracks_10s_aime_track_079_clean.wav,AI,Clean,aime_track_079.wav,new_ai_tracks_10s,new_ai_tracks_10s_aime_track_079
new_ai_tracks_10s_aime_track_079_aac.m4a,AI,AAC,aime_track_079.wav,new_ai_tracks_10s,new_ai_tracks_10s_aime_track_079
new_ai_tracks_10s_aime_track_079_opus.opus,AI,Opus,aime_track_079.wav,new_ai_tracks_10s,new_ai_tracks_10s_aime_track_079
new_ai_tracks_10s_aime_track_080_clean.wav,AI,Clean,aime_track_080.wav,new_ai_tracks_10s,new_ai_tracks_10s_aime_track_080
new_ai_tracks_10s_aime_track_080_aac.m4a,AI,AAC,aime_track_080.wav,new_ai_tracks_10s,new_ai_tracks_10s_aime_track_080
new_ai_tracks_10s_aime_track_080_opus.opus,AI,Opus,aime_track_080.wav,new_ai_tracks_10s,new_ai_tracks_10s_aime_track_080
new_ai_tracks_10s_aime_track_081_clean.wav,AI,Clean,aime_track_081.wav,new_ai_tracks_10s,new_ai_tracks_10s_aime_track_081
new_ai_tracks_10s_aime_track_081_aac.m4a,AI,AAC,aime_track_081.wav,new_ai_tracks_10s,new_ai_tracks_10s_aime_track_081
new_ai_tracks_10s_aime_track_081_opus.opus,AI,Opus,aime_track_081.wav,new_ai_tracks_10s,new_ai_tracks_10s_aime_track_081
new_ai_tracks_10s_aime_track_082_clean.wav,AI,Clean,aime_track_082.wav,new_ai_tracks_10s,new_ai_tracks_10s_aime_track_082
new_ai_tracks_10s_aime_track_082_aac.m4a,AI,AAC,aime_track_082.wav,new_ai_tracks_10s,new_ai_tracks_10s_aime_track_082
new_ai_tracks_10s_aime_track_082_opus.opus,AI,Opus,aime_track_082.wav,new_ai_tracks_10s,new_ai_tracks_10s_aime_track_082
new_ai_tracks_10s_aime_track_083_clean.wav,AI,Clean,aime_track_083.wav,new_ai_tracks_10s,new_ai_tracks_10s_aime_track_083
new_ai_tracks_10s_aime_track_083_aac.m4a,AI,AAC,aime_track_083.wav,new_ai_tracks_10s,new_ai_tracks_10s_aime_track_083
new_ai_tracks_10s_aime_track_083_opus.opus,AI,Opus,aime_track_083.wav,new_ai_tracks_10s,new_ai_tracks_10s_aime_track_083
new_ai_tracks_10s_aime_track_084_clean.wav,AI,Clean,aime_track_084.wav,new_ai_tracks_10s,new_ai_tracks_10s_aime_track_084
new_ai_tracks_10s_aime_track_084_aac.m4a,AI,AAC,aime_track_084.wav,new_ai_tracks_10s,new_ai_tracks_10s_aime_track_084
new_ai_tracks_10s_aime_track_084_opus.opus,AI,Opus,aime_track_084.wav,new_ai_tracks_10s,new_ai_tracks_10s_aime_track_084
new_ai_tracks_10s_aime_track_085_clean.wav,AI,Clean,aime_track_085.wav,new_ai_tracks_10s,new_ai_tracks_10s_aime_track_085
new_ai_tracks_10s_aime_track_085_aac.m4a,AI,AAC,aime_track_085.wav,new_ai_tracks_10s,new_ai_tracks_10s_aime_track_085
new_ai_tracks_10s_aime_track_085_opus.opus,AI,Opus,aime_track_085.wav,new_ai_tracks_10s,new_ai_tracks_10s_aime_track_085
new_ai_tracks_10s_aime_track_086_clean.wav,AI,Clean,aime_track_086.wav,new_ai_tracks_10s,new_ai_tracks_10s_aime_track_086
new_ai_tracks_10s_aime_track_086_aac.m4a,AI,AAC,aime_track_086.wav,new_ai_tracks_10s,new_ai_tracks_10s_aime_track_086
new_ai_tracks_10s_aime_track_086_opus.opus,AI,Opus,aime_track_086.wav,new_ai_tracks_10s,new_ai_tracks_10s_aime_track_086
new_ai_tracks_10s_aime_track_087_clean.wav,AI,Clean,aime_track_087.wav,new_ai_tracks_10s,new_ai_tracks_10s_aime_track_087
new_ai_tracks_10s_aime_track_087_aac.m4a,AI,AAC,aime_track_087.wav,new_ai_tracks_10s,new_ai_tracks_10s_aime_track_087
new_ai_tracks_10s_aime_track_087_opus.opus,AI,Opus,aime_track_087.wav,new_ai_tracks_10s,new_ai_tracks_10s_aime_track_087
new_ai_tracks_10s_aime_track_088_clean.wav,AI,Clean,aime_track_088.wav,new_ai_tracks_10s,new_ai_tracks_10s_aime_track_088
new_ai_tracks_10s_aime_track_088_aac.m4a,AI,AAC,aime_track_088.wav,new_ai_tracks_10s,new_ai_tracks_10s_aime_track_088
new_ai_tracks_10s_aime_track_088_opus.opus,AI,Opus,aime_track_088.wav,new_ai_tracks_10s,new_ai_tracks_10s_aime_track_088
new_ai_tracks_10s_aime_track_089_clean.wav,AI,Clean,aime_track_089.wav,new_ai_tracks_10s,new_ai_tracks_10s_aime_track_089
new_ai_tracks_10s_aime_track_089_aac.m4a,AI,AAC,aime_track_089.wav,new_ai_tracks_10s,new_ai_tracks_10s_aime_track_089
new_ai_tracks_10s_aime_track_089_opus.opus,AI,Opus,aime_track_089.wav,new_ai_tracks_10s,new_ai_tracks_10s_aime_track_089
new_ai_tracks_10s_aime_track_090_clean.wav,AI,Clean,aime_track_090.wav,new_ai_tracks_10s,new_ai_tracks_10s_aime_track_090
new_ai_tracks_10s_aime_track_090_aac.m4a,AI,AAC,aime_track_090.wav,new_ai_tracks_10s,new_ai_tracks_10s_aime_track_090
new_ai_tracks_10s_aime_track_090_opus.opus,AI,Opus,aime_track_090.wav,new_ai_tracks_10s,new_ai_tracks_10s_aime_track_090
new_ai_tracks_10s_aime_track_091_clean.wav,AI,Clean,aime_track_091.wav,new_ai_tracks_10s,new_ai_tracks_10s_aime_track_091
new_ai_tracks_10s_aime_track_091_aac.m4a,AI,AAC,aime_track_091.wav,new_ai_tracks_10s,new_ai_tracks_10s_aime_track_091
new_ai_tracks_10s_aime_track_091_opus.opus,AI,Opus,aime_track_091.wav,new_ai_tracks_10s,new_ai_tracks_10s_aime_track_091
new_ai_tracks_10s_aime_track_092_clean.wav,AI,Clean,aime_track_092.wav,new_ai_tracks_10s,new_ai_tracks_10s_aime_track_092
new_ai_tracks_10s_aime_track_092_aac.m4a,AI,AAC,aime_track_092.wav,new_ai_tracks_10s,new_ai_tracks_10s_aime_track_092
new_ai_tracks_10s_aime_track_092_opus.opus,AI,Opus,aime_track_092.wav,new_ai_tracks_10s,new_ai_tracks_10s_aime_track_092
new_ai_tracks_10s_aime_track_093_clean.wav,AI,Clean,aime_track_093.wav,new_ai_tracks_10s,new_ai_tracks_10s_aime_track_093
new_ai_tracks_10s_aime_track_093_aac.m4a,AI,AAC,aime_track_093.wav,new_ai_tracks_10s,new_ai_tracks_10s_aime_track_093
new_ai_tracks_10s_aime_track_093_opus.opus,AI,Opus,aime_track_093.wav,new_ai_tracks_10s,new_ai_tracks_10s_aime_track_093
new_ai_tracks_10s_aime_track_094_clean.wav,AI,Clean,aime_track_094.wav,new_ai_tracks_10s,new_ai_tracks_10s_aime_track_094
new_ai_tracks_10s_aime_track_094_aac.m4a,AI,AAC,aime_track_094.wav,new_ai_tracks_10s,new_ai_tracks_10s_aime_track_094
new_ai_tracks_10s_aime_track_094_opus.opus,AI,Opus,aime_track_094.wav,new_ai_tracks_10s,new_ai_tracks_10s_aime_track_094
new_ai_tracks_10s_aime_track_095_clean.wav,AI,Clean,aime_track_095.wav,new_ai_tracks_10s,new_ai_tracks_10s_aime_track_095
new_ai_tracks_10s_aime_track_095_aac.m4a,AI,AAC,aime_track_095.wav,new_ai_tracks_10s,new_ai_tracks_10s_aime_track_095
new_ai_tracks_10s_aime_track_095_opus.opus,AI,Opus,aime_track_095.wav,new_ai_tracks_10s,new_ai_tracks_10s_aime_track_095
new_ai_tracks_10s_aime_track_096_clean.wav,AI,Clean,aime_track_096.wav,new_ai_tracks_10s,new_ai_tracks_10s_aime_track_096
new_ai_tracks_10s_aime_track_096_aac.m4a,AI,AAC,aime_track_096.wav,new_ai_tracks_10s,new_ai_tracks_10s_aime_track_096
new_ai_tracks_10s_aime_track_096_opus.opus,AI,Opus,aime_track_096.wav,new_ai_tracks_10s,new_ai_tracks_10s_aime_track_096
new_ai_tracks_10s_aime_track_097_clean.wav,AI,Clean,aime_track_097.wav,new_ai_tracks_10s,new_ai_tracks_10s_aime_track_097
new_ai_tracks_10s_aime_track_097_aac.m4a,AI,AAC,aime_track_097.wav,new_ai_tracks_10s,new_ai_tracks_10s_aime_track_097
new_ai_tracks_10s_aime_track_097_opus.opus,AI,Opus,aime_track_097.wav,new_ai_tracks_10s,new_ai_tracks_10s_aime_track_097
new_ai_tracks_10s_aime_track_098_clean.wav,AI,Clean,aime_track_098.wav,new_ai_tracks_10s,new_ai_tracks_10s_aime_track_098
new_ai_tracks_10s_aime_track_098_aac.m4a,AI,AAC,aime_track_098.wav,new_ai_tracks_10s,new_ai_tracks_10s_aime_track_098
new_ai_tracks_10s_aime_track_098_opus.opus,AI,Opus,aime_track_098.wav,new_ai_tracks_10s,new_ai_tracks_10s_aime_track_098
new_ai_tracks_10s_aime_track_099_clean.wav,AI,Clean,aime_track_099.wav,new_ai_tracks_10s,new_ai_tracks_10s_aime_track_099
new_ai_tracks_10s_aime_track_099_aac.m4a,AI,AAC,aime_track_099.wav,new_ai_tracks_10s,new_ai_tracks_10s_aime_track_099
new_ai_tracks_10s_aime_track_099_opus.opus,AI,Opus,aime_track_099.wav,new_ai_tracks_10s,new_ai_tracks_10s_aime_track_099
new_ai_tracks_10s_aime_track_100_clean.wav,AI,Clean,aime_track_100.wav,new_ai_tracks_10s,new_ai_tracks_10s_aime_track_100
new_ai_tracks_10s_aime_track_100_aac.m4a,AI,AAC,aime_track_100.wav,new_ai_tracks_10s,new_ai_tracks_10s_aime_track_100
new_ai_tracks_10s_aime_track_100_opus.opus,AI,Opus,aime_track_100.wav,new_ai_tracks_10s,new_ai_tracks_10s_aime_track_100
